# Format : nbPreys, nbPredators, nbTrees, nbTreesBurning, nbGrasses
0,73,1519,12977,0,12508
1,28,1057,12677,0,10018
2,16,882,12536,0,8751
3,13,777,12433,0,8067
4,11,709,12384,0,7629
5,13,676,12344,0,7341
6,8,652,12316,0,7188
7,7,627,12285,1,7089
8,7,627,12266,1,7009
9,7,632,12254,1,6948
10,6,634,12248,1,6900
11,7,632,12238,1,6862
12,8,617,12233,3,6829
13,7,607,12228,3,6793
14,6,606,12224,3,6765
15,7,628,12220,3,6744
16,5,621,12213,5,6728
17,4,606,12212,5,6716
18,6,606,12213,5,6706
19,5,596,12214,5,6701
20,5,584,12215,6,6696
21,4,598,12213,7,6690
22,5,605,12212,8,6689
23,6,575,12210,9,6689
24,4,578,12212,9,6686
25,3,579,12212,9,6682
26,4,587,12211,9,6681
27,6,581,12213,9,6677
28,5,595,12215,9,6676
29,5,604,12216,9,6673
30,4,602,12218,9,6667
31,5,593,12221,9,6660
32,6,597,12220,9,6655
33,6,574,12223,9,6655
34,4,583,12226,9,6655
35,6,585,12226,9,6655
36,6,595,12228,9,6654
37,5,597,12230,9,6654
38,6,583,12231,9,6654
39,6,593,12231,9,6654
40,6,576,12232,9,6654
41,5,596,12233,9,6654
42,5,612,12233,9,6654
43,6,592,12234,9,6654
44,5,587,12237,9,6654
45,5,593,12238,9,6654
46,4,591,12241,9,6654
47,4,589,12241,9,6654
48,5,578,12243,9,6654
49,5,595,12246,9,6654
50,6,586,12253,9,6654
51,4,592,12255,9,6654
52,6,595,12259,9,6654
53,4,595,12260,9,6654
54,3,590,12261,9,6654
55,5,589,12262,9,6654
56,3,606,12266,9,6654
57,4,611,12269,9,6654
58,6,602,12269,9,6654
59,5,601,12271,9,6654
60,5,593,12272,9,6654
61,4,587,12272,9,6654
62,5,587,12272,9,6654
63,5,595,12276,9,6654
64,6,582,12278,9,6654
65,6,584,12281,9,6654
66,6,585,12282,9,6654
67,6,581,12283,9,6654
68,4,576,12284,9,6654
69,6,572,12285,9,6654
70,5,562,12285,9,6654
71,6,554,12286,9,6654
72,4,558,12288,9,6654
73,6,558,12290,9,6654
74,5,562,12292,9,6654
75,5,560,12294,9,6654
76,5,560,12297,9,6654
77,5,559,12298,9,6654
78,6,564,12299,9,6654
79,4,566,12301,9,6654
80,6,559,12304,9,6654
81,5,563,12306,9,6654
82,4,558,12307,9,6654
83,4,553,12309,9,6654
84,6,556,12314,9,6654
85,5,559,12316,9,6654
86,5,547,12316,9,6654
87,4,558,12318,9,6654
88,4,554,12321,8,6654
89,5,557,12322,8,6654
90,5,561,12322,8,6654
91,4,556,12324,8,6654
92,4,550,12326,8,6654
93,5,564,12328,6,6654
94,5,562,12329,6,6654
95,4,549,12332,6,6654
96,5,558,12332,6,6654
97,3,552,12334,4,6654
98,6,542,12335,4,6654
99,5,550,12338,4,6654
100,6,553,12342,4,6654
101,6,556,12343,3,6654
102,6,552,12343,2,6654
103,6,554,12348,1,6654
104,5,554,12348,0,6654
105,4,553,12350,0,6654
106,4,537,12353,0,6654
107,5,554,12355,0,6654
108,5,562,12358,0,6654
109,5,547,12360,0,6654
110,6,554,12361,1,6654
111,6,555,12363,1,6654
112,5,535,12365,1,6654
113,6,540,12365,1,6654
114,4,540,12367,1,6654
115,5,540,12368,1,6654
116,4,542,12369,1,6654
117,6,547,12372,1,6654
118,5,542,12374,1,6654
119,5,552,12375,1,6654
120,5,549,12376,1,6654
121,5,546,12379,1,6654
122,6,552,12381,1,6654
123,3,553,12381,1,6654
124,5,548,12383,1,6654
125,5,547,12384,1,6654
126,6,543,12384,1,6654
127,4,544,12384,1,6654
128,5,544,12386,1,6654
129,5,550,12387,1,6654
130,5,556,12389,1,6654
131,3,551,12391,1,6654
132,4,546,12391,1,6654
133,5,543,12393,1,6654
134,4,547,12396,1,6654
135,6,546,12399,1,6654
136,4,540,12400,1,6654
137,5,538,12403,1,6654
138,5,538,12404,1,6654
139,6,543,12406,1,6654
140,5,535,12410,1,6654
141,6,549,12411,1,6654
142,6,548,12412,1,6654
143,5,548,12414,1,6654
144,4,541,12416,1,6654
145,5,537,12417,1,6654
146,4,542,12417,1,6654
147,6,543,12420,1,6654
148,3,546,12422,1,6654
149,6,541,12425,1,6654
150,4,540,12426,1,6654
151,6,534,12428,1,6654
152,6,548,12429,1,6654
153,5,551,12429,1,6654
154,4,552,12429,1,6654
155,6,553,12432,1,6654
156,5,547,12433,1,6654
157,4,547,12436,1,6654
158,5,538,12437,1,6654
159,4,545,12440,1,6654
160,5,541,12442,1,6654
161,5,549,12442,1,6654
162,4,532,12443,1,6654
163,6,548,12447,1,6654
164,5,546,12448,1,6654
165,5,548,12448,1,6654
166,6,541,12450,1,6654
167,5,540,12452,1,6654
168,4,549,12452,1,6654
169,4,536,12452,1,6654
170,5,540,12455,1,6654
171,6,544,12456,1,6654
172,4,542,12457,1,6654
173,6,548,12458,1,6654
174,5,544,12459,1,6654
175,5,543,12461,1,6654
176,4,539,12461,1,6654
177,5,545,12461,1,6654
178,6,541,12464,2,6654
179,5,548,12464,3,6654
180,5,547,12465,4,6654
181,5,541,12467,4,6654
182,5,538,12468,4,6654
183,5,535,12469,4,6654
184,6,538,12470,5,6654
185,5,541,12472,5,6654
186,6,540,12475,5,6654
187,5,541,12478,5,6654
188,5,539,12480,5,6654
189,4,548,12484,5,6654
190,5,545,12489,5,6654
191,5,532,12490,4,6654
192,5,539,12492,4,6654
193,6,539,12492,4,6654
194,5,548,12495,4,6654
195,4,534,12497,4,6654
196,4,549,12499,4,6654
197,4,557,12500,4,6654
198,6,556,12502,4,6654
199,5,549,12505,4,6654
200,6,546,12508,4,6654
201,6,551,12508,4,6654
202,4,537,12511,4,6654
203,5,537,12512,4,6654
204,5,537,12514,4,6654
205,4,544,12518,4,6654
206,6,538,12520,4,6654
207,4,543,12525,4,6654
208,6,538,12525,4,6654
209,4,538,12526,4,6654
210,5,536,12527,4,6654
211,6,542,12527,4,6654
212,5,546,12530,4,6654
213,6,546,12530,4,6654
214,4,541,12531,4,6654
215,4,546,12530,5,6654
216,6,542,12531,6,6654
217,5,539,12534,6,6654
218,5,542,12537,6,6654
219,5,532,12539,6,6654
220,5,543,12540,7,6654
221,4,541,12542,7,6654
222,6,540,12544,7,6654
223,5,540,12544,7,6654
224,4,536,12544,7,6654
225,6,535,12545,7,6654
226,6,538,12548,7,6654
227,5,538,12549,7,6654
228,4,538,12550,7,6654
229,4,538,12550,7,6654
230,5,544,12551,7,6654
231,4,541,12551,7,6654
232,6,537,12554,7,6654
233,5,546,12555,7,6654
234,4,544,12556,7,6654
235,6,542,12559,7,6654
236,3,547,12560,8,6654
237,6,536,12561,8,6654
238,6,535,12562,8,6654
239,6,535,12562,8,6654
240,5,539,12562,8,6654
241,6,539,12564,8,6654
242,6,544,12564,8,6654
243,6,537,12566,8,6654
244,6,545,12567,8,6654
245,5,547,12568,8,6654
246,4,532,12569,8,6654
247,6,534,12571,8,6654
248,5,542,12571,8,6654
249,4,532,12573,8,6654
250,5,543,12575,8,6654
251,6,542,12576,8,6654
252,6,548,12580,8,6654
253,5,544,12582,8,6654
254,6,537,12583,8,6654
255,5,545,12585,8,6654
256,6,546,12586,8,6654
257,4,526,12587,8,6654
258,3,531,12588,8,6654
259,5,541,12589,7,6654
260,5,546,12592,6,6654
261,4,547,12596,5,6654
262,4,547,12597,5,6654
263,5,539,12597,6,6654
264,5,539,12598,6,6654
265,6,539,12598,5,6654
266,6,537,12597,6,6654
267,6,537,12599,6,6654
268,5,538,12601,7,6654
269,5,542,12600,8,6654
270,4,544,12602,8,6654
271,5,547,12602,8,6654
272,6,546,12602,8,6654
273,6,536,12606,8,6654
274,3,539,12608,8,6654
275,5,538,12610,8,6654
276,5,540,12611,8,6654
277,6,541,12612,8,6654
278,4,537,12615,8,6654
279,4,538,12615,8,6654
280,5,542,12618,8,6654
281,6,532,12619,8,6654
282,5,533,12620,8,6654
283,6,534,12620,9,6654
284,4,539,12623,9,6654
285,4,543,12625,9,6654
286,5,539,12626,10,6654
287,4,536,12630,10,6654
288,6,535,12633,10,6654
289,4,542,12632,11,6654
290,6,541,12633,11,6654
291,6,535,12634,11,6654
292,5,537,12637,11,6654
293,6,538,12639,11,6654
294,6,539,12639,11,6654
295,5,536,12640,11,6654
296,5,534,12642,10,6654
297,5,544,12643,9,6654
298,3,545,12646,9,6654
299,5,543,12647,9,6654
300,4,530,12649,9,6654
301,6,533,12648,10,6654
302,5,535,12647,11,6654
303,5,546,12647,12,6654
304,6,542,12646,13,6654
305,4,538,12647,13,6654
306,6,538,12650,13,6654
307,6,541,12653,13,6654
308,4,538,12655,13,6654
309,6,536,12657,13,6654
310,6,532,12660,13,6654
311,4,538,12660,14,6654
312,5,539,12661,14,6654
313,6,539,12664,14,6654
314,5,542,12666,14,6654
315,6,539,12666,14,6654
316,6,538,12667,14,6654
317,6,536,12671,13,6654
318,6,535,12673,13,6654
319,4,538,12675,13,6654
320,5,540,12676,13,6654
321,6,530,12677,13,6654
322,5,548,12678,13,6654
323,4,537,12677,14,6654
324,5,537,12677,16,6654
325,6,537,12679,16,6654
326,5,538,12680,16,6654
327,5,530,12680,16,6654
328,5,537,12680,17,6654
329,6,541,12678,19,6654
330,6,540,12681,20,6654
331,3,536,12681,21,6654
332,4,534,12682,21,6654
333,4,533,12680,23,6654
334,6,535,12681,23,6654
335,5,533,12682,24,6654
336,6,540,12681,25,6654
337,3,539,12681,25,6654
338,6,543,12682,25,6654
339,6,537,12682,26,6654
340,6,535,12682,26,6654
341,5,531,12683,27,6654
342,6,540,12684,27,6654
343,4,539,12684,28,6654
344,5,540,12686,27,6654
345,5,540,12686,28,6654
346,5,542,12687,28,6654
347,5,532,12688,28,6654
348,4,549,12689,28,6654
349,6,533,12693,27,6654
350,5,538,12693,26,6654
351,3,542,12694,26,6654
352,3,542,12695,26,6654
353,5,542,12697,26,6654
354,4,540,12699,26,6654
355,5,530,12700,26,6654
356,6,535,12701,26,6654
357,5,534,12705,26,6654
358,4,542,12706,26,6654
359,5,533,12708,26,6654
360,3,536,12712,26,6654
361,5,534,12713,26,6654
362,5,534,12713,26,6654
363,5,535,12714,26,6654
364,5,542,12714,25,6654
365,6,533,12719,25,6654
366,4,542,12721,25,6654
367,4,544,12725,24,6654
368,5,538,12725,24,6654
369,5,533,12728,24,6654
370,5,534,12732,23,6654
371,4,537,12733,23,6654
372,4,538,12735,23,6654
373,5,535,12736,23,6654
374,3,529,12737,23,6654
375,5,538,12737,23,6654
376,5,543,12740,23,6654
377,5,528,12743,23,6654
378,4,536,12749,23,6654
379,4,536,12750,23,6654
380,6,543,12752,23,6654
381,4,535,12756,23,6654
382,6,535,12760,21,6654
383,6,532,12762,20,6654
384,5,541,12763,19,6654
385,5,541,12764,18,6654
386,5,539,12768,18,6654
387,3,534,12773,18,6654
388,4,538,12773,18,6654
389,6,541,12775,18,6654
390,6,541,12775,18,6654
391,4,542,12776,18,6654
392,5,539,12779,17,6654
393,5,533,12779,17,6654
394,5,538,12780,17,6654
395,4,536,12781,17,6654
396,5,539,12782,17,6654
397,5,545,12783,17,6654
398,4,541,12785,17,6654
399,4,537,12786,17,6654
400,3,534,12788,17,6654
401,6,540,12790,17,6654
402,6,537,12791,17,6654
403,6,537,12794,17,6654
404,6,528,12797,16,6654
405,5,540,12798,14,6654
406,5,540,12798,14,6654
407,4,536,12802,14,6654
408,6,536,12804,14,6654
409,5,533,12804,13,6654
410,6,542,12805,11,6654
411,5,533,12810,10,6654
412,6,537,12811,9,6654
413,6,538,12814,9,6654
414,5,541,12814,7,6654
415,6,536,12817,7,6654
416,4,532,12817,6,6654
417,5,537,12820,5,6654
418,3,543,12821,5,6654
419,5,529,12823,5,6654
420,4,536,12823,4,6654
421,6,547,12823,4,6654
422,6,539,12826,3,6654
423,5,534,12829,3,6654
424,5,532,12831,2,6654
425,4,532,12834,2,6654
426,6,537,12835,1,6654
427,5,544,12836,1,6654
428,6,539,12836,0,6654
429,4,545,12838,0,6654
430,3,537,12839,0,6654
431,5,532,12842,0,6654
432,6,541,12844,0,6654
433,5,537,12844,0,6654
434,5,538,12845,0,6654
435,6,538,12846,0,6654
436,5,527,12846,0,6654
437,6,540,12846,0,6654
438,4,541,12846,0,6654
439,6,539,12848,0,6654
440,6,536,12849,0,6654
441,5,540,12850,0,6654
442,6,533,12852,1,6654
443,6,527,12852,1,6654
444,5,532,12853,2,6654
445,4,537,12855,2,6654
446,6,536,12855,2,6654
447,6,537,12855,2,6654
448,4,529,12857,2,6654
449,4,539,12857,2,6654
450,4,537,12856,3,6654
451,5,543,12860,3,6654
452,5,534,12860,4,6654
453,5,529,12860,4,6654
454,5,533,12860,4,6654
455,6,533,12861,4,6654
456,6,539,12863,5,6654
457,4,534,12863,5,6654
458,5,541,12868,5,6654
459,4,531,12869,6,6654
460,5,534,12871,6,6654
461,6,532,12873,6,6654
462,5,534,12875,6,6654
463,5,537,12876,7,6654
464,6,536,12879,7,6654
465,5,543,12879,7,6654
466,5,539,12880,7,6654
467,6,536,12883,7,6654
468,6,539,12887,7,6654
469,4,538,12889,7,6654
470,5,533,12889,8,6654
471,4,546,12890,8,6654
472,4,530,12895,8,6654
473,5,539,12895,8,6654
474,5,532,12896,8,6654
475,4,534,12897,8,6654
476,5,536,12898,9,6654
477,5,535,12898,9,6654
478,4,540,12899,9,6654
479,6,535,12901,10,6654
480,6,538,12903,10,6654
481,4,540,12906,11,6654
482,5,540,12906,11,6654
483,6,539,12908,11,6654
484,5,539,12909,11,6654
485,6,541,12911,11,6654
486,4,537,12912,12,6654
487,5,536,12916,12,6654
488,5,540,12916,13,6654
489,5,529,12917,13,6654
490,5,531,12919,14,6654
491,5,539,12919,15,6654
492,5,538,12918,17,6654
493,4,536,12920,17,6654
494,6,535,12921,17,6654
495,4,527,12921,17,6654
496,6,538,12926,17,6654
497,4,533,12926,18,6654
498,4,539,12926,18,6654
499,5,539,12928,18,6654
500,5,540,12929,18,6654
501,5,542,12929,18,6654
502,6,538,12929,18,6654
503,6,537,12931,18,6654
504,5,534,12932,18,6654
505,4,531,12933,19,6654
506,5,531,12934,19,6654
507,6,541,12934,21,6654
508,4,535,12934,21,6654
509,6,534,12936,21,6654
510,5,542,12936,22,6654
511,5,533,12936,24,6654
512,6,533,12936,24,6654
513,6,533,12938,24,6654
514,4,538,12940,24,6654
515,4,540,12942,24,6654
516,5,530,12943,24,6654
517,5,539,12945,24,6654
518,4,537,12945,24,6654
519,5,535,12949,24,6654
520,5,534,12950,25,6654
521,5,535,12953,25,6654
522,5,538,12955,25,6654
523,5,540,12954,26,6654
524,4,540,12953,27,6654
525,6,540,12954,26,6654
526,5,538,12953,27,6654
527,5,533,12958,27,6654
528,5,544,12960,27,6654
529,6,535,12962,27,6654
530,4,534,12961,28,6654
531,4,540,12961,27,6654
532,5,534,12962,27,6654
533,6,535,12964,26,6654
534,6,536,12964,26,6654
535,5,544,12965,26,6654
536,6,544,12966,26,6654
537,5,538,12969,25,6654
538,6,538,12970,25,6654
539,3,542,12971,25,6654
540,6,537,12971,24,6654
541,5,539,12974,24,6654
542,4,537,12974,25,6654
543,4,533,12977,25,6654
544,6,525,12979,24,6654
545,5,541,12979,25,6654
546,6,533,12980,25,6654
547,5,539,12980,25,6654
548,6,540,12979,26,6654
549,6,534,12979,26,6654
550,6,536,12979,26,6654
551,3,538,12980,26,6654
552,6,537,12981,26,6654
553,3,536,12982,26,6654
554,5,539,12983,27,6654
555,5,536,12988,27,6654
556,5,542,12991,28,6654
557,5,531,12996,27,6654
558,6,541,12999,27,6654
559,5,536,13002,27,6654
560,6,536,13002,28,6654
561,4,540,13004,28,6654
562,4,534,13006,28,6654
563,5,538,13006,28,6654
564,6,540,13008,28,6654
565,5,545,13013,28,6654
566,6,537,13014,28,6654
567,4,538,13015,27,6654
568,4,539,13017,27,6654
569,5,539,13017,27,6654
570,6,545,13017,27,6654
571,4,541,13018,27,6654
572,6,534,13020,26,6654
573,4,537,13021,24,6654
574,6,541,13020,25,6654
575,5,542,13022,25,6654
576,6,534,13024,25,6654
577,6,539,13027,25,6654
578,6,532,13028,25,6654
579,4,544,13028,25,6654
580,5,537,13028,25,6654
581,6,536,13030,25,6654
582,5,545,13031,26,6654
583,4,538,13034,27,6654
584,5,543,13034,28,6654
585,5,540,13034,29,6654
586,6,540,13034,28,6654
587,5,540,13032,31,6654
588,6,533,13034,30,6654
589,4,540,13033,32,6654
590,5,532,13035,34,6654
591,6,532,13037,34,6654
592,6,538,13039,32,6654
593,6,540,13038,33,6654
594,5,536,13038,34,6654
595,6,531,13038,34,6654
596,5,538,13038,36,6654
597,6,542,13039,36,6654
598,5,531,13038,37,6654
599,6,532,13039,37,6654
600,6,538,13040,37,6654
601,5,536,13041,37,6654
602,6,540,13045,37,6654
603,5,531,13044,38,6654
604,4,538,13045,36,6654
605,6,537,13046,35,6654
606,5,537,13048,35,6654
607,5,541,13047,35,6654
608,6,536,13051,35,6654
609,4,535,13050,36,6654
610,4,537,13052,36,6654
611,4,542,13052,37,6654
612,4,533,13051,40,6654
613,4,536,13053,40,6654
614,5,539,13054,40,6654
615,5,527,13056,40,6654
616,4,533,13056,41,6654
617,5,536,13057,41,6654
618,6,534,13056,43,6654
619,5,539,13056,44,6654
620,5,530,13059,44,6654
621,6,536,13060,44,6654
622,5,535,13061,45,6654
623,4,540,13062,45,6654
624,6,531,13063,45,6654
625,5,532,13065,45,6654
626,5,541,13066,44,6654
627,5,534,13066,44,6654
628,5,541,13067,45,6654
629,5,535,13067,44,6654
630,6,530,13068,44,6654
631,6,537,13071,45,6654
632,5,546,13075,44,6654
633,4,537,13076,44,6654
634,6,540,13079,44,6654
635,6,547,13084,43,6654
636,4,543,13086,44,6654
637,6,537,13089,43,6654
638,4,540,13091,43,6654
639,5,538,13095,43,6654
640,5,542,13096,43,6654
641,5,538,13099,41,6654
642,5,537,13101,41,6654
643,5,535,13100,41,6654
644,5,538,13105,41,6654
645,5,538,13106,41,6654
646,6,536,13109,41,6654
647,5,535,13109,42,6654
648,4,541,13112,42,6654
649,5,536,13114,42,6654
650,5,541,13116,41,6654
651,6,541,13117,41,6654
652,5,540,13118,40,6654
653,6,542,13120,40,6654
654,4,536,13122,41,6654
655,4,539,13126,40,6654
656,6,541,13128,40,6654
657,5,542,13129,40,6654
658,6,542,13130,41,6654
659,5,543,13131,41,6654
660,6,539,13130,42,6654
661,6,539,13131,42,6654
662,4,531,13132,42,6654
663,4,531,13133,41,6654
664,5,534,13133,40,6654
665,6,533,13132,40,6654
666,5,530,13133,39,6654
667,6,533,13135,39,6654
668,5,536,13136,37,6654
669,5,534,13137,37,6654
670,4,536,13137,35,6654
671,4,533,13137,33,6654
672,3,537,13140,32,6654
673,6,538,13140,33,6654
674,5,540,13140,32,6654
675,6,537,13142,31,6654
676,5,536,13143,31,6654
677,5,538,13145,29,6654
678,6,533,13148,30,6654
679,5,543,13151,29,6654
680,5,536,13150,31,6654
681,5,538,13151,31,6654
682,6,541,13151,30,6654
683,3,544,13151,30,6654
684,6,534,13152,29,6654
685,6,537,13156,29,6654
686,5,539,13156,29,6654
687,6,542,13155,30,6654
688,5,533,13157,29,6654
689,5,534,13160,30,6654
690,4,539,13160,29,6654
691,6,543,13162,29,6654
692,6,536,13165,27,6654
693,5,538,13168,24,6654
694,5,544,13168,25,6654
695,6,543,13170,25,6654
696,6,537,13168,27,6654
697,5,538,13170,27,6654
698,5,535,13169,28,6654
699,6,542,13169,27,6654
700,6,536,13170,26,6654
701,5,536,13171,26,6654
702,5,532,13173,28,6654
703,5,535,13174,27,6654
704,6,544,13174,27,6654
705,4,542,13176,27,6654
706,6,542,13176,28,6654
707,5,535,13177,28,6654
708,4,540,13177,28,6654
709,6,537,13178,27,6654
710,4,538,13178,28,6654
711,6,542,13181,28,6654
712,6,541,13183,27,6654
713,6,539,13183,27,6654
714,4,533,13185,27,6654
715,6,542,13185,27,6654
716,4,542,13186,27,6654
717,6,540,13189,26,6654
718,6,532,13188,27,6654
719,3,537,13191,27,6654
720,5,539,13191,27,6654
721,4,538,13191,28,6654
722,5,539,13193,28,6654
723,5,539,13195,28,6654
724,5,530,13194,28,6654
725,5,536,13196,28,6654
726,4,536,13198,29,6654
727,4,536,13200,29,6654
728,5,535,13202,28,6654
729,5,542,13204,29,6654
730,5,540,13205,29,6654
731,6,536,13205,30,6654
732,6,533,13205,30,6654
733,5,532,13207,31,6654
734,6,542,13207,31,6654
735,4,542,13207,31,6654
736,6,535,13212,31,6654
737,5,542,13215,32,6654
738,6,529,13215,33,6654
739,4,531,13216,32,6654
740,4,539,13217,32,6654
741,6,533,13217,33,6654
742,5,536,13218,34,6654
743,5,547,13218,35,6654
744,5,538,13218,36,6654
745,6,542,13219,37,6654
746,6,541,13218,37,6654
747,5,541,13220,38,6654
748,5,538,13222,38,6654
749,6,539,13224,37,6654
750,5,540,13221,40,6654
751,4,547,13222,40,6654
752,5,548,13223,40,6654
753,6,543,13224,40,6654
754,6,536,13225,40,6654
755,5,532,13227,40,6654
756,6,537,13229,40,6654
757,5,538,13231,40,6654
758,5,533,13232,40,6654
759,5,536,13230,42,6654
760,5,534,13230,42,6654
761,5,533,13230,40,6654
762,5,534,13234,40,6654
763,3,534,13235,40,6654
764,6,541,13239,40,6654
765,5,537,13241,40,6654
766,5,541,13241,41,6654
767,6,539,13241,41,6654
768,5,531,13241,41,6654
769,6,540,13241,41,6654
770,4,541,13242,40,6654
771,6,544,13242,40,6654
772,4,542,13242,41,6654
773,5,534,13242,41,6654
774,5,535,13243,41,6654
775,4,540,13248,40,6654
776,5,535,13251,41,6654
777,5,541,13253,39,6654
778,4,540,13254,38,6654
779,6,543,13257,38,6654
780,6,544,13259,37,6654
781,4,537,13262,37,6654
782,5,542,13263,37,6654
783,6,540,13265,35,6654
784,6,542,13265,35,6654
785,4,537,13269,35,6654
786,5,537,13268,37,6654
787,6,539,13271,36,6654
788,5,539,13271,37,6654
789,4,537,13271,38,6654
790,6,535,13271,38,6654
791,5,533,13274,37,6654
792,5,537,13276,37,6654
793,6,533,13275,38,6654
794,4,532,13276,38,6654
795,5,543,13278,38,6654
796,5,531,13280,38,6654
797,3,535,13281,38,6654
798,6,536,13283,39,6654
799,5,535,13285,38,6654
800,5,537,13287,38,6654
801,4,546,13287,38,6654
802,5,540,13288,37,6654
803,6,536,13290,37,6654
804,4,533,13292,37,6654
805,4,538,13292,36,6654
806,6,543,13294,37,6654
807,4,538,13295,36,6654
808,5,534,13295,36,6654
809,5,540,13295,36,6654
810,5,530,13296,35,6654
811,6,536,13298,35,6654
812,4,538,13301,34,6654
813,4,541,13300,35,6654
814,5,539,13302,34,6654
815,5,538,13302,34,6654
816,5,541,13303,33,6654
817,5,532,13304,33,6654
818,5,537,13304,32,6654
819,5,537,13306,31,6654
820,5,541,13309,31,6654
821,6,534,13310,30,6654
822,5,536,13311,28,6654
823,5,536,13311,27,6654
824,5,539,13311,26,6654
825,6,538,13313,25,6654
826,5,531,13317,24,6654
827,4,535,13321,23,6654
828,6,544,13321,22,6654
829,4,529,13323,22,6654
830,6,534,13325,22,6654
831,4,536,13325,18,6654
832,6,541,13325,18,6654
833,3,537,13327,18,6654
834,6,540,13330,18,6654
835,6,548,13331,17,6654
836,3,541,13335,17,6654
837,6,537,13335,17,6654
838,4,537,13337,17,6654
839,6,537,13338,17,6654
840,4,538,13338,14,6654
841,5,536,13338,14,6654
842,4,540,13340,14,6654
843,6,532,13342,14,6654
844,3,538,13343,14,6654
845,5,536,13345,14,6654
846,4,536,13346,14,6654
847,5,536,13347,13,6654
848,5,540,13348,13,6654
849,5,545,13350,12,6654
850,6,538,13351,12,6654
851,4,539,13352,12,6654
852,4,537,13352,12,6654
853,6,535,13353,11,6654
854,4,536,13355,11,6654
855,6,535,13355,11,6654
856,4,535,13357,11,6654
857,5,539,13358,10,6654
858,3,539,13358,10,6654
859,6,532,13360,10,6654
860,5,535,13362,9,6654
861,5,534,13364,9,6654
862,6,537,13364,9,6654
863,6,531,13367,9,6654
864,5,534,13368,9,6654
865,6,536,13369,9,6654
866,4,536,13369,8,6654
867,5,536,13371,6,6654
868,5,537,13372,6,6654
869,6,542,13374,5,6654
870,5,539,13375,4,6654
871,5,538,13376,4,6654
872,5,538,13377,4,6654
873,4,537,13382,4,6654
874,4,537,13383,3,6654
875,4,533,13383,3,6654
876,6,542,13387,3,6654
877,5,541,13388,3,6654
878,6,539,13391,3,6654
879,5,541,13392,2,6654
880,5,543,13392,2,6654
881,3,537,13394,2,6654
882,5,536,13396,2,6654
883,5,534,13396,2,6654
884,4,538,13398,2,6654
885,5,538,13399,2,6654
886,4,535,13402,2,6654
887,4,540,13403,1,6654
888,6,536,13403,1,6654
889,5,536,13404,1,6654
890,5,540,13404,1,6654
891,4,539,13405,1,6654
892,6,539,13406,1,6654
893,3,546,13406,1,6654
894,5,536,13406,0,6654
895,5,540,13408,0,6654
896,6,543,13408,0,6654
897,6,546,13410,0,6654
898,5,540,13412,0,6654
899,4,543,13415,0,6654
900,5,534,13416,0,6654
901,5,538,13417,0,6654
902,5,543,13418,0,6654
903,4,534,13420,0,6654
904,5,539,13422,0,6654
905,4,539,13422,0,6654
906,5,541,13423,0,6654
907,4,539,13426,0,6654
908,5,541,13431,0,6654
909,4,538,13431,0,6654
910,3,539,13432,0,6654
911,6,541,13434,1,6654
912,6,540,13437,1,6654
913,5,539,13437,2,6654
914,5,541,13440,2,6654
915,5,534,13441,2,6654
916,5,542,13441,2,6654
917,4,536,13443,2,6654
918,3,543,13443,2,6654
919,6,544,13443,2,6654
920,5,538,13443,2,6654
921,4,539,13446,2,6654
922,6,542,13447,2,6654
923,4,545,13449,2,6654
924,5,541,13449,2,6654
925,3,535,13451,2,6654
926,6,538,13453,2,6654
927,3,540,13453,2,6654
928,5,540,13454,2,6654
929,6,543,13455,2,6654
930,5,543,13456,2,6654
931,4,539,13457,2,6654
932,6,537,13458,2,6654
933,5,536,13458,3,6654
934,5,535,13459,3,6654
935,6,534,13461,3,6654
936,6,540,13464,3,6654
937,5,537,13467,3,6654
938,6,543,13468,3,6654
939,5,542,13468,3,6654
940,4,538,13468,3,6654
941,6,536,13468,3,6654
942,5,540,13469,3,6654
943,5,541,13471,3,6654
944,3,535,13472,3,6654
945,5,538,13472,3,6654
946,5,533,13472,3,6654
947,5,539,13472,3,6654
948,5,541,13476,3,6654
949,3,533,13479,3,6654
950,4,545,13479,3,6654
951,4,544,13480,3,6654
952,5,540,13481,3,6654
953,5,542,13482,3,6654
954,6,534,13483,3,6654
955,5,541,13484,3,6654
956,6,539,13484,3,6654
957,6,529,13486,3,6654
958,5,538,13488,3,6654
959,5,530,13489,3,6654
960,5,540,13491,3,6654
961,4,540,13492,3,6654
962,4,533,13494,3,6654
963,4,541,13498,3,6654
964,6,539,13498,3,6654
965,5,537,13499,3,6654
966,5,539,13500,3,6654
967,6,541,13502,3,6654
968,5,538,13504,3,6654
969,5,537,13504,4,6654
970,4,539,13504,4,6654
971,6,541,13505,4,6654
972,6,538,13506,4,6654
973,5,534,13507,4,6654
974,5,539,13509,4,6654
975,5,541,13510,4,6654
976,4,535,13510,4,6654
977,5,540,13512,4,6654
978,5,529,13512,4,6654
979,5,534,13516,4,6654
980,3,537,13516,4,6654
981,4,536,13517,4,6654
982,5,539,13520,4,6654
983,5,537,13521,4,6654
984,4,535,13521,4,6654
985,5,536,13521,4,6654
986,6,540,13521,4,6654
987,4,540,13524,4,6654
988,3,543,13526,4,6654
989,5,533,13526,4,6654
990,5,533,13526,4,6654
991,6,542,13529,4,6654
992,4,537,13529,3,6654
993,5,541,13529,3,6654
994,5,535,13530,2,6654
995,3,540,13531,2,6654
996,6,535,13532,2,6654
997,6,540,13533,2,6654
998,5,541,13536,2,6654
999,4,538,13537,2,6654
1000,5,543,13537,2,6654
1001,5,541,13538,2,6654
1002,3,546,13541,2,6654
1003,6,541,13545,2,6654
1004,5,535,13546,2,6654
1005,5,544,13546,2,6654
1006,4,535,13547,2,6654
1007,4,534,13548,2,6654
1008,4,534,13552,2,6654
1009,4,534,13552,2,6654
1010,4,537,13552,2,6654
1011,5,545,13553,2,6654
1012,5,533,13556,2,6654
1013,6,537,13559,2,6654
1014,5,538,13560,1,6654
1015,5,538,13561,1,6654
1016,5,540,13563,1,6654
1017,5,540,13564,1,6654
1018,3,536,13565,1,6654
1019,5,540,13567,1,6654
1020,5,544,13567,1,6654
1021,5,536,13568,1,6654
1022,4,542,13570,1,6654
1023,5,542,13572,1,6654
1024,6,544,13575,1,6654
1025,5,541,13575,1,6654
1026,4,541,13578,1,6654
1027,6,538,13579,1,6654
1028,3,538,13579,1,6654
1029,6,531,13581,1,6654
1030,5,535,13584,2,6654
1031,6,533,13586,2,6654
1032,5,542,13587,2,6654
1033,5,545,13589,2,6654
1034,4,536,13589,3,6654
1035,4,539,13590,3,6654
1036,5,544,13592,3,6654
1037,4,541,13592,3,6654
1038,5,535,13597,3,6654
1039,5,537,13600,3,6654
1040,4,544,13601,3,6654
1041,5,539,13603,3,6654
1042,6,537,13603,3,6654
1043,6,538,13602,5,6654
1044,3,539,13604,5,6654
1045,5,534,13605,5,6654
1046,6,541,13609,5,6654
1047,4,539,13610,5,6654
1048,5,534,13612,5,6654
1049,4,539,13615,5,6654
1050,4,540,13617,4,6654
1051,4,536,13618,4,6654
1052,5,542,13619,4,6654
1053,5,542,13622,4,6654
1054,6,537,13624,4,6654
1055,4,537,13626,4,6654
1056,5,541,13629,4,6654
1057,5,540,13632,4,6654
1058,4,545,13632,4,6654
1059,6,536,13633,4,6654
1060,6,541,13634,4,6654
1061,5,543,13634,5,6654
1062,5,548,13634,5,6654
1063,5,536,13634,5,6654
1064,5,541,13636,6,6654
1065,5,537,13634,9,6654
1066,5,536,13638,9,6654
1067,4,545,13642,9,6654
1068,4,535,13643,9,6654
1069,5,540,13644,10,6654
1070,5,540,13642,13,6654
1071,6,539,13644,13,6654
1072,6,537,13644,14,6654
1073,6,539,13643,15,6654
1074,4,541,13643,16,6654
1075,6,542,13643,17,6654
1076,6,534,13646,18,6654
1077,5,540,13645,20,6654
1078,6,536,13645,21,6654
1079,4,536,13646,21,6654
1080,6,537,13646,22,6654
1081,6,537,13650,22,6654
1082,5,537,13651,24,6654
1083,5,538,13655,24,6654
1084,6,533,13653,26,6654
1085,5,531,13653,27,6654
1086,5,534,13653,28,6654
1087,6,537,13653,28,6654
1088,5,540,13656,28,6654
1089,6,535,13657,28,6654
1090,6,534,13657,28,6654
1091,6,537,13657,30,6654
1092,6,540,13659,30,6654
1093,5,541,13661,30,6654
1094,5,541,13662,31,6654
1095,6,539,13663,32,6654
1096,4,534,13665,33,6654
1097,4,541,13665,33,6654
1098,6,535,13666,33,6654
1099,6,541,13667,33,6654
1100,4,543,13667,33,6654
1101,4,536,13668,34,6654
1102,4,541,13670,34,6654
1103,5,539,13672,35,6654
1104,5,542,13673,36,6654
1105,4,532,13674,36,6654
1106,5,537,13675,36,6654
1107,5,536,13675,36,6654
1108,5,538,13674,38,6654
1109,6,535,13674,39,6654
1110,3,539,13672,41,6654
1111,3,539,13674,40,6654
1112,6,534,13673,41,6654
1113,6,539,13674,41,6654
1114,5,542,13675,41,6654
1115,5,532,13676,40,6654
1116,6,530,13676,40,6654
1117,5,539,13677,40,6654
1118,6,537,13677,41,6654
1119,6,532,13678,42,6654
1120,5,538,13676,45,6654
1121,5,536,13676,45,6654
1122,5,533,13676,45,6654
1123,5,532,13674,47,6654
1124,4,535,13675,46,6654
1125,6,534,13677,47,6654
1126,5,533,13677,47,6654
1127,5,532,13677,47,6654
1128,5,537,13679,47,6654
1129,4,535,13679,47,6654
1130,6,534,13679,48,6654
1131,4,533,13679,49,6654
1132,5,539,13679,49,6654
1133,5,536,13678,50,6654
1134,3,536,13680,50,6654
1135,4,532,13680,50,6654
1136,5,543,13681,50,6654
1137,6,540,13682,50,6654
1138,6,534,13684,50,6654
1139,6,537,13689,50,6654
1140,4,530,13690,50,6654
1141,5,539,13692,50,6654
1142,6,540,13693,49,6654
1143,4,539,13694,49,6654
1144,6,537,13696,49,6654
1145,5,538,13698,48,6654
1146,4,541,13700,45,6654
1147,5,541,13701,45,6654
1148,6,538,13703,45,6654
1149,5,543,13705,45,6654
1150,5,544,13705,44,6654
1151,5,536,13706,41,6654
1152,6,538,13707,41,6654
1153,6,547,13708,40,6654
1154,3,538,13711,39,6654
1155,6,535,13712,38,6654
1156,5,538,13713,37,6654
1157,4,536,13718,36,6654
1158,6,543,13720,34,6654
1159,4,540,13722,33,6654
1160,4,540,13726,33,6654
1161,6,544,13728,32,6654
1162,4,536,13730,32,6654
1163,4,538,13732,30,6654
1164,6,532,13736,30,6654
1165,5,541,13737,28,6654
1166,5,532,13738,27,6654
1167,5,539,13738,26,6654
1168,5,539,13740,26,6654
1169,3,545,13742,26,6654
1170,3,536,13744,26,6654
1171,3,539,13747,26,6654
1172,4,536,13747,24,6654
1173,2,537,13749,24,6654
1174,2,533,13753,24,6654
1175,4,539,13754,23,6654
1176,4,532,13756,22,6654
1177,2,535,13756,21,6654
1178,3,536,13757,21,6654
1179,3,540,13758,21,6654
1180,2,535,13758,21,6654
1181,4,540,13759,21,6654
1182,4,531,13760,20,6654
1183,3,534,13762,20,6654
1184,3,535,13765,19,6654
1185,2,532,13765,18,6654
1186,4,532,13766,18,6654
1187,4,538,13767,18,6654
1188,3,535,13769,18,6654
1189,4,530,13772,16,6654
1190,3,531,13773,15,6654
1191,2,531,13774,13,6654
1192,4,532,13774,13,6654
1193,4,535,13775,12,6654
1194,4,541,13778,12,6654
1195,4,540,13779,12,6654
1196,3,534,13781,12,6654
1197,4,535,13782,12,6654
1198,4,540,13782,12,6654
1199,3,539,13784,11,6654
1200,4,537,13785,10,6654
1201,4,530,13785,7,6654
1202,3,541,13787,7,6654
1203,3,539,13790,7,6654
1204,3,539,13791,5,6654
1205,4,539,13792,4,6654
1206,3,536,13792,3,6654
1207,3,535,13793,3,6654
1208,3,538,13794,3,6654
1209,4,539,13797,3,6654
1210,3,537,13797,3,6654
1211,3,532,13798,2,6654
1212,4,533,13800,1,6654
1213,3,530,13803,1,6654
1214,4,534,13804,0,6654
1215,3,541,13806,0,6654
1216,3,537,13809,0,6654
1217,2,536,13811,0,6654
1218,3,529,13812,0,6654
1219,4,535,13815,0,6654
1220,4,533,13815,0,6654
1221,4,536,13815,0,6654
1222,3,538,13815,0,6654
1223,3,543,13817,0,6654
1224,4,538,13820,0,6654
1225,4,540,13821,0,6654
1226,4,536,13821,0,6654
1227,4,534,13823,0,6654
1228,3,534,13826,0,6654
1229,4,535,13825,1,6654
1230,4,541,13825,2,6654
1231,3,537,13826,2,6654
1232,4,537,13825,3,6654
1233,4,537,13825,3,6654
1234,3,536,13825,3,6654
1235,3,536,13826,3,6654
1236,4,527,13827,3,6654
1237,4,535,13829,3,6654
1238,3,541,13828,4,6654
1239,3,536,13829,5,6654
1240,4,536,13831,5,6654
1241,3,535,13831,5,6654
1242,3,536,13831,5,6654
1243,3,532,13834,5,6654
1244,3,536,13834,5,6654
1245,4,543,13835,5,6654
1246,2,536,13836,5,6654
1247,4,542,13837,5,6654
1248,3,532,13837,5,6654
1249,4,538,13839,5,6654
1250,3,538,13840,5,6654
1251,4,541,13840,5,6654
1252,2,541,13841,5,6654
1253,4,542,13843,5,6654
1254,4,538,13846,5,6654
1255,2,539,13847,5,6654
1256,4,534,13847,5,6654
1257,4,536,13848,5,6654
1258,3,535,13849,5,6654
1259,3,541,13849,5,6654
1260,3,543,13850,5,6654
1261,3,546,13854,5,6654
1262,3,542,13855,5,6654
1263,4,538,13859,5,6654
1264,4,538,13863,5,6654
1265,3,539,13864,5,6654
1266,2,536,13867,5,6654
1267,3,538,13867,5,6654
1268,4,538,13868,5,6654
1269,3,539,13871,5,6654
1270,4,539,13873,5,6654
1271,3,536,13875,5,6654
1272,3,538,13876,5,6654
1273,3,534,13879,5,6654
1274,3,535,13880,5,6654
1275,2,535,13882,5,6654
1276,4,537,13883,5,6654
1277,4,531,13885,5,6654
1278,3,532,13887,5,6654
1279,4,538,13888,5,6654
1280,3,534,13889,5,6654
1281,3,538,13889,5,6654
1282,3,539,13890,5,6654
1283,3,543,13891,5,6654
1284,3,529,13892,5,6654
1285,2,534,13893,5,6654
1286,4,535,13895,5,6654
1287,2,539,13895,5,6654
1288,4,531,13898,5,6654
1289,3,534,13898,5,6654
1290,4,536,13898,5,6654
1291,4,535,13898,5,6654
1292,3,531,13899,5,6654
1293,4,534,13899,5,6654
1294,2,535,13902,5,6654
1295,4,533,13904,5,6654
1296,3,533,13905,5,6654
1297,3,541,13908,5,6654
1298,3,539,13912,5,6654
1299,3,538,13912,5,6654
1300,2,535,13916,5,6654
1301,3,544,13917,5,6654
1302,3,539,13918,5,6654
1303,4,538,13918,5,6654
1304,4,534,13920,5,6654
1305,3,535,13921,5,6654
1306,3,539,13921,5,6654
1307,4,530,13923,5,6654
1308,2,533,13925,5,6654
1309,3,534,13927,5,6654
1310,4,535,13928,4,6654
1311,3,534,13930,3,6654
1312,3,543,13931,3,6654
1313,3,541,13933,2,6654
1314,4,538,13935,2,6654
1315,4,538,13935,2,6654
1316,2,538,13935,2,6654
1317,4,538,13935,2,6654
1318,3,534,13935,2,6654
1319,4,532,13937,1,6654
1320,3,539,13939,0,6654
1321,4,534,13941,0,6654
1322,3,537,13941,0,6654
1323,4,532,13943,0,6654
1324,3,537,13944,0,6654
1325,3,537,13947,0,6654
1326,4,535,13948,0,6654
1327,4,539,13948,0,6654
1328,4,538,13948,0,6654
1329,4,541,13948,0,6654
1330,3,536,13948,0,6654
1331,3,543,13951,0,6654
1332,2,534,13952,0,6654
1333,3,538,13952,0,6654
1334,4,540,13956,0,6654
1335,3,542,13957,0,6654
1336,4,534,13957,0,6654
1337,3,538,13957,0,6654
1338,3,530,13958,0,6654
1339,4,531,13959,0,6654
1340,2,532,13960,0,6654
1341,3,535,13960,0,6654
1342,2,537,13960,0,6654
1343,4,537,13962,0,6654
1344,4,537,13964,0,6654
1345,3,539,13965,0,6654
1346,3,535,13967,0,6654
1347,3,534,13967,0,6654
1348,4,534,13968,0,6654
1349,3,543,13968,0,6654
1350,3,535,13970,0,6654
1351,4,534,13971,0,6654
1352,4,537,13975,0,6654
1353,3,538,13977,0,6654
1354,4,538,13979,0,6654
1355,4,536,13983,0,6654
1356,4,531,13985,0,6654
1357,3,540,13985,0,6654
1358,4,540,13987,0,6654
1359,4,535,13989,0,6654
1360,3,538,13989,0,6654
1361,4,537,13990,0,6654
1362,3,539,13990,0,6654
1363,3,535,13992,0,6654
1364,4,542,13995,0,6654
1365,2,540,13996,0,6654
1366,4,540,13998,0,6654
1367,3,531,13999,0,6654
1368,3,541,13999,0,6654
1369,3,537,14000,0,6654
1370,3,536,14003,0,6654
1371,4,537,14004,0,6654
1372,4,535,14005,0,6654
1373,4,544,14006,0,6654
1374,4,537,14006,0,6654
1375,3,535,14006,0,6654
1376,3,536,14007,0,6654
1377,3,531,14008,0,6654
1378,4,532,14010,0,6654
1379,4,541,14012,0,6654
1380,3,536,14015,0,6654
1381,3,542,14017,0,6654
1382,4,541,14020,0,6654
1383,4,533,14021,0,6654
1384,3,539,14021,0,6654
1385,4,541,14023,0,6654
1386,2,537,14027,0,6654
1387,4,535,14029,0,6654
1388,4,541,14029,0,6654
1389,3,539,14029,0,6654
1390,4,534,14030,0,6654
1391,2,536,14031,0,6654
1392,4,531,14035,0,6654
1393,4,540,14036,0,6654
1394,3,545,14036,0,6654
1395,3,534,14037,0,6654
1396,4,538,14037,0,6654
1397,4,534,14038,0,6654
1398,4,535,14039,0,6654
1399,3,537,14040,0,6654
1400,4,537,14042,0,6654
1401,4,541,14041,1,6654
1402,4,542,14042,1,6654
1403,4,536,14042,1,6654
1404,3,537,14045,2,6654
1405,3,538,14048,2,6654
1406,3,538,14048,2,6654
1407,4,533,14050,3,6654
1408,3,535,14050,4,6654
1409,3,536,14051,4,6654
1410,3,537,14052,4,6654
1411,4,544,14053,4,6654
1412,3,532,14055,4,6654
1413,3,533,14059,4,6654
1414,3,538,14059,4,6654
1415,4,528,14061,4,6654
1416,4,536,14065,4,6654
1417,4,536,14066,4,6654
1418,3,536,14067,5,6654
1419,4,538,14066,6,6654
1420,4,544,14068,6,6654
1421,3,537,14068,6,6654
1422,4,534,14069,6,6654
1423,4,534,14070,6,6654
1424,4,540,14071,6,6654
1425,4,538,14071,6,6654
1426,2,534,14074,6,6654
1427,4,537,14076,7,6654
1428,3,537,14077,7,6654
1429,4,541,14080,7,6654
1430,3,541,14081,7,6654
1431,4,543,14081,7,6654
1432,3,546,14082,7,6654
1433,3,538,14084,7,6654
1434,4,537,14084,7,6654
1435,3,535,14085,7,6654
1436,4,543,14086,7,6654
1437,4,542,14087,7,6654
1438,2,540,14089,7,6654
1439,3,544,14093,7,6654
1440,4,537,14095,7,6654
1441,3,543,14097,7,6654
1442,4,546,14100,7,6654
1443,4,543,14102,7,6654
1444,4,542,14104,7,6654
1445,3,542,14105,7,6654
1446,3,537,14108,7,6654
1447,4,535,14107,8,6654
1448,3,542,14108,8,6654
1449,4,541,14111,8,6654
1450,3,542,14112,8,6654
1451,4,543,14112,8,6654
1452,4,538,14114,8,6654
1453,3,539,14115,8,6654
1454,3,542,14115,8,6654
1455,3,536,14117,8,6654
1456,4,534,14118,9,6654
1457,3,546,14120,9,6654
1458,4,544,14122,9,6654
1459,3,538,14122,9,6654
1460,2,533,14125,9,6654
1461,4,538,14125,9,6654
1462,3,538,14125,9,6654
1463,2,539,14126,9,6654
1464,4,542,14129,9,6654
1465,3,547,14129,9,6654
1466,4,544,14132,9,6654
1467,4,542,14134,9,6654
1468,4,538,14137,9,6654
1469,3,536,14137,9,6654
1470,3,541,14138,9,6654
1471,4,541,14139,9,6654
1472,3,542,14139,9,6654
1473,3,540,14142,9,6654
1474,4,539,14145,9,6654
1475,2,541,14146,9,6654
1476,4,541,14147,9,6654
1477,2,540,14147,9,6654
1478,4,543,14147,9,6654
1479,4,540,14149,9,6654
1480,4,532,14151,9,6654
1481,4,538,14154,9,6654
1482,3,544,14158,8,6654
1483,3,541,14160,8,6654
1484,3,541,14162,8,6654
1485,4,545,14164,7,6654
1486,2,541,14165,7,6654
1487,4,538,14168,7,6654
1488,3,539,14170,6,6654
1489,4,543,14171,5,6654
1490,3,542,14172,5,6654
1491,4,543,14174,5,6654
1492,2,539,14175,5,6654
1493,2,532,14175,5,6654
1494,3,537,14177,5,6654
1495,4,538,14180,5,6654
1496,3,541,14184,5,6654
1497,4,544,14185,5,6654
1498,2,537,14187,5,6654
1499,4,542,14188,4,6654
1500,3,545,14192,3,6654
1501,3,533,14195,3,6654
1502,4,546,14197,3,6654
1503,3,550,14202,3,6654
1504,3,538,14203,3,6654
1505,3,538,14205,3,6654
1506,4,538,14207,3,6654
1507,3,538,14213,3,6654
1508,4,544,14214,2,6654
1509,4,538,14214,2,6654
1510,3,534,14216,2,6654
1511,2,537,14216,2,6654
1512,3,544,14216,2,6654
1513,3,546,14217,2,6654
1514,2,540,14217,2,6654
1515,3,542,14217,2,6654
1516,4,542,14218,2,6654
1517,4,536,14220,2,6654
1518,3,536,14221,2,6654
1519,4,544,14223,2,6654
1520,4,541,14223,2,6654
1521,3,539,14226,2,6654
1522,4,543,14228,2,6654
1523,4,534,14229,2,6654
1524,2,539,14233,2,6654
1525,4,533,14233,2,6654
1526,3,542,14234,2,6654
1527,2,545,14234,2,6654
1528,4,539,14236,1,6654
1529,4,544,14237,1,6654
1530,3,538,14237,1,6654
1531,4,539,14237,1,6654
1532,2,537,14238,1,6654
1533,4,542,14239,1,6654
1534,4,541,14239,1,6654
1535,4,536,14241,1,6654
1536,4,533,14245,1,6654
1537,3,535,14247,0,6654
1538,3,534,14248,0,6654
1539,4,539,14250,0,6654
1540,4,539,14252,0,6654
1541,4,539,14252,0,6654
1542,2,538,14254,0,6654
1543,4,541,14257,0,6654
1544,4,534,14260,0,6654
1545,3,540,14265,0,6654
1546,2,537,14268,0,6654
1547,4,533,14270,0,6654
1548,4,528,14271,0,6654
1549,4,530,14272,0,6654
1550,3,529,14275,0,6654
1551,3,533,14275,0,6654
1552,4,535,14275,0,6654
1553,4,533,14277,0,6654
1554,3,533,14279,0,6654
1555,3,535,14279,0,6654
1556,4,535,14280,0,6654
1557,4,536,14282,0,6654
1558,3,534,14285,0,6654
1559,4,533,14289,0,6654
1560,3,535,14290,0,6654
1561,4,537,14291,0,6654
1562,3,537,14292,0,6654
1563,3,533,14292,0,6654
1564,2,537,14292,0,6654
1565,4,526,14294,0,6654
1566,2,536,14295,0,6654
1567,4,535,14298,0,6654
1568,3,539,14300,0,6654
1569,4,531,14301,0,6654
1570,4,536,14303,0,6654
1571,4,529,14308,0,6654
1572,4,532,14310,0,6654
1573,4,534,14311,0,6654
1574,3,537,14312,0,6654
1575,4,537,14312,0,6654
1576,3,531,14316,0,6654
1577,4,538,14320,0,6654
1578,5,537,14321,0,6654
1579,5,533,14322,0,6654
1580,5,532,14324,0,6654
1581,5,539,14326,0,6654
1582,4,533,14327,0,6654
1583,5,539,14327,0,6654
1584,5,536,14328,0,6654
1585,5,532,14329,0,6654
1586,5,535,14331,0,6654
1587,5,537,14335,0,6654
1588,5,536,14336,0,6654
1589,5,540,14336,0,6654
1590,5,539,14337,0,6654
1591,5,533,14338,0,6654
1592,4,542,14339,0,6654
1593,5,535,14340,0,6654
1594,5,538,14342,0,6654
1595,5,537,14343,0,6654
1596,4,533,14343,0,6654
1597,5,537,14344,0,6654
1598,5,538,14346,0,6654
1599,4,538,14349,0,6654
1600,4,533,14350,0,6654
1601,5,532,14353,0,6654
1602,4,530,14354,0,6654
1603,5,535,14355,0,6654
1604,4,532,14357,0,6654
1605,4,537,14357,0,6654
1606,4,533,14357,0,6654
1607,5,533,14358,0,6654
1608,5,535,14360,0,6654
1609,5,538,14360,0,6654
1610,4,534,14361,0,6654
1611,5,537,14361,0,6654
1612,4,532,14361,0,6654
1613,4,534,14361,0,6654
1614,5,526,14363,0,6654
1615,4,534,14366,0,6654
1616,4,536,14367,0,6654
1617,5,531,14368,0,6654
1618,4,534,14368,0,6654
1619,5,538,14370,0,6654
1620,4,540,14371,0,6654
1621,5,535,14375,0,6654
1622,5,533,14377,0,6654
1623,5,538,14380,0,6654
1624,5,538,14382,0,6654
1625,4,537,14383,0,6654
1626,5,536,14384,0,6654
1627,5,536,14385,0,6654
1628,5,536,14386,0,6654
1629,5,533,14387,0,6654
1630,5,528,14387,0,6654
1631,5,538,14387,0,6654
1632,5,527,14387,0,6654
1633,5,532,14390,0,6654
1634,4,537,14392,0,6654
1635,5,538,14393,0,6654
1636,4,531,14394,0,6654
1637,4,540,14394,0,6654
1638,5,538,14395,0,6654
1639,5,526,14395,0,6654
1640,5,536,14396,0,6654
1641,4,538,14400,0,6654
1642,5,540,14401,0,6654
1643,5,538,14403,0,6654
1644,4,537,14404,0,6654
1645,4,537,14406,0,6654
1646,5,531,14408,0,6654
1647,4,539,14412,0,6654
1648,5,541,14413,0,6654
1649,5,537,14414,0,6654
1650,4,537,14415,0,6654
1651,5,532,14415,0,6654
1652,5,540,14417,0,6654
1653,4,535,14417,0,6654
1654,5,534,14419,0,6654
1655,4,537,14421,0,6654
1656,4,529,14423,0,6654
1657,5,533,14425,0,6654
1658,5,538,14426,0,6654
1659,5,537,14426,0,6654
1660,4,537,14429,0,6654
1661,5,534,14429,0,6654
1662,5,534,14429,0,6654
1663,4,540,14432,0,6654
1664,5,538,14432,0,6654
1665,5,530,14432,0,6654
1666,5,533,14434,0,6654
1667,5,532,14435,0,6654
1668,5,532,14435,0,6654
1669,4,529,14435,0,6654
1670,4,529,14435,0,6654
1671,5,533,14438,0,6654
1672,4,535,14440,0,6654
1673,5,526,14444,0,6654
1674,5,535,14446,0,6654
1675,5,533,14447,0,6654
1676,4,534,14449,0,6654
1677,4,537,14451,0,6654
1678,5,535,14453,0,6654
1679,4,530,14456,0,6654
1680,4,528,14457,0,6654
1681,4,535,14457,0,6654
1682,4,529,14461,0,6654
1683,4,536,14462,0,6654
1684,5,532,14463,0,6654
1685,4,535,14464,0,6654
1686,5,528,14466,0,6654
1687,5,534,14467,0,6654
1688,5,535,14468,0,6654
1689,4,529,14468,0,6654
1690,5,536,14471,0,6654
1691,5,531,14474,0,6654
1692,5,531,14475,0,6654
1693,5,529,14479,0,6654
1694,4,536,14481,0,6654
1695,4,535,14483,0,6654
1696,5,523,14483,0,6654
1697,4,532,14486,0,6654
1698,5,530,14486,0,6654
1699,4,532,14486,0,6654
1700,4,534,14492,0,6654
1701,5,537,14494,0,6654
1702,5,533,14496,0,6654
1703,5,536,14496,0,6654
1704,5,532,14497,0,6654
1705,4,523,14500,0,6654
1706,5,532,14501,0,6654
1707,4,536,14503,0,6654
1708,5,528,14503,0,6654
1709,4,532,14504,0,6654
1710,5,535,14511,0,6654
1711,4,538,14511,0,6654
1712,4,530,14512,0,6654
1713,4,535,14515,0,6654
1714,4,526,14517,0,6654
1715,5,529,14516,1,6654
1716,4,530,14515,2,6654
1717,5,534,14515,2,6654
1718,5,530,14516,2,6654
1719,5,531,14517,2,6654
1720,5,534,14518,2,6654
1721,4,534,14522,2,6654
1722,4,527,14523,2,6654
1723,5,529,14524,2,6654
1724,4,532,14525,2,6654
1725,5,529,14525,2,6654
1726,5,530,14527,2,6654
1727,4,537,14529,2,6654
1728,5,538,14529,2,6654
1729,4,534,14532,3,6654
1730,5,537,14533,4,6654
1731,4,525,14533,4,6654
1732,5,532,14535,5,6654
1733,4,531,14537,5,6654
1734,5,535,14539,5,6654
1735,4,533,14542,5,6654
1736,4,534,14542,5,6654
1737,4,532,14543,6,6654
1738,5,530,14544,8,6654
1739,5,536,14544,8,6654
1740,4,534,14545,8,6654
1741,4,522,14546,8,6654
1742,5,532,14549,8,6654
1743,5,523,14548,9,6654
1744,4,530,14548,9,6654
1745,5,529,14550,10,6654
1746,5,530,14552,10,6654
1747,4,533,14551,11,6654
1748,5,530,14552,12,6654
1749,4,535,14553,12,6654
1750,5,529,14551,14,6654
1751,5,528,14553,14,6654
1752,4,531,14553,14,6654
1753,5,527,14552,16,6654
1754,5,525,14551,17,6654
1755,4,534,14549,19,6654
1756,4,538,14551,19,6654
1757,5,529,14553,19,6654
1758,4,528,14553,20,6654
1759,5,530,14554,20,6654
1760,4,536,14557,20,6654
1761,4,526,14559,20,6654
1762,4,531,14560,20,6654
1763,4,530,14561,20,6654
1764,4,538,14562,21,6654
1765,4,540,14564,21,6654
1766,4,530,14566,21,6654
1767,4,535,14570,21,6654
1768,4,529,14570,21,6654
1769,4,530,14574,21,6654
1770,4,531,14575,21,6654
1771,4,535,14577,21,6654
1772,4,536,14577,22,6654
1773,4,530,14578,22,6654
1774,4,534,14580,22,6654
1775,4,537,14581,22,6654
1776,4,533,14584,22,6654
1777,4,536,14584,22,6654
1778,4,535,14585,22,6654
1779,4,531,14586,22,6654
1780,4,529,14586,23,6654
1781,4,527,14587,23,6654
1782,4,532,14589,23,6654
1783,4,528,14590,23,6654
1784,4,535,14592,23,6654
1785,4,529,14593,23,6654
1786,4,528,14596,23,6654
1787,4,531,14596,24,6654
1788,4,536,14598,24,6654
1789,4,534,14598,25,6654
1790,4,531,14598,26,6654
1791,4,531,14599,27,6654
1792,4,529,14599,27,6654
1793,4,534,14600,27,6654
1794,4,533,14600,27,6654
1795,4,533,14600,27,6654
1796,4,527,14601,26,6654
1797,4,535,14602,26,6654
1798,4,528,14605,26,6654
1799,4,536,14606,26,6654
1800,4,535,14610,27,6654
1801,4,529,14611,29,6654
1802,4,524,14610,31,6654
1803,4,527,14613,31,6654
1804,4,529,14613,33,6654
1805,4,527,14613,33,6654
1806,4,531,14614,33,6654
1807,4,535,14616,33,6654
1808,4,537,14615,35,6654
1809,4,533,14615,36,6654
1810,4,532,14614,36,6654
1811,4,536,14614,36,6654
1812,4,538,14616,37,6654
1813,4,530,14617,36,6654
1814,4,531,14619,36,6654
1815,4,530,14620,36,6654
1816,4,531,14623,36,6654
1817,4,535,14625,36,6654
1818,4,539,14626,36,6654
1819,4,528,14627,34,6654
1820,4,532,14627,35,6654
1821,4,531,14627,35,6654
1822,4,528,14627,35,6654
1823,4,531,14627,35,6654
1824,4,538,14627,35,6654
1825,4,528,14627,36,6654
1826,4,532,14627,35,6654
1827,4,535,14628,35,6654
1828,4,535,14629,34,6654
1829,4,533,14628,34,6654
1830,4,532,14629,35,6654
1831,4,536,14629,33,6654
1832,4,537,14629,33,6654
1833,4,529,14628,35,6654
1834,4,531,14630,34,6654
1835,4,526,14634,34,6654
1836,4,532,14636,33,6654
1837,4,523,14636,33,6654
1838,4,530,14637,33,6654
1839,4,527,14640,32,6654
1840,4,537,14640,33,6654
1841,4,533,14640,33,6654
1842,4,533,14641,34,6654
1843,4,535,14641,34,6654
1844,4,535,14642,34,6654
1845,4,534,14643,33,6654
1846,4,533,14642,34,6654
1847,4,535,14643,34,6654
1848,4,531,14645,34,6654
1849,4,534,14647,35,6654
1850,4,525,14649,35,6654
1851,4,530,14654,35,6654
1852,4,532,14654,35,6654
1853,4,534,14653,35,6654
1854,4,537,14657,35,6654
1855,4,532,14657,35,6654
1856,4,534,14660,36,6654
1857,4,528,14664,36,6654
1858,4,529,14663,39,6654
1859,4,530,14664,39,6654
1860,4,528,14665,39,6654
1861,4,535,14665,38,6654
1862,4,538,14667,39,6654
1863,4,539,14667,39,6654
1864,4,534,14670,39,6654
1865,4,528,14671,40,6654
1866,4,529,14669,43,6654
1867,4,535,14669,44,6654
1868,4,534,14667,45,6654
1869,4,531,14669,46,6654
1870,4,537,14671,45,6654
1871,4,532,14675,45,6654
1872,4,538,14677,44,6654
1873,4,532,14678,44,6654
1874,4,534,14678,44,6654
1875,4,531,14677,46,6654
1876,4,530,14676,47,6654
1877,4,533,14679,47,6654
1878,4,535,14678,48,6654
1879,4,528,14677,49,6654
1880,4,531,14679,49,6654
1881,4,537,14682,48,6654
1882,4,530,14684,46,6654
1883,4,532,14684,45,6654
1884,4,525,14685,45,6654
1885,4,532,14685,45,6654
1886,4,535,14687,45,6654
1887,4,529,14687,46,6654
1888,4,534,14687,46,6654
1889,4,536,14685,47,6654
1890,4,536,14686,46,6654
1891,4,539,14684,47,6654
1892,4,537,14686,46,6654
1893,4,537,14686,45,6654
1894,4,537,14684,47,6654
1895,4,538,14685,48,6654
1896,4,534,14686,48,6654
1897,4,534,14690,48,6654
1898,4,535,14689,49,6654
1899,4,531,14690,48,6654
1900,4,538,14692,48,6654
1901,4,539,14695,47,6654
1902,4,531,14695,48,6654
1903,4,534,14694,49,6654
1904,4,539,14696,49,6654
1905,4,527,14697,48,6654
1906,4,535,14697,47,6654
1907,4,534,14698,47,6654
1908,4,533,14697,48,6654
1909,4,536,14700,48,6654
1910,4,534,14701,47,6654
1911,4,537,14702,46,6654
1912,4,533,14701,47,6654
1913,4,537,14702,47,6654
1914,4,535,14701,46,6654
1915,4,535,14700,46,6654
1916,4,534,14699,47,6654
1917,4,539,14699,46,6654
1918,4,537,14699,47,6654
1919,4,531,14700,47,6654
1920,4,539,14700,47,6654
1921,4,534,14702,46,6654
1922,4,538,14702,46,6654
1923,4,537,14703,45,6654
1924,4,537,14704,46,6654
1925,4,537,14704,46,6654
1926,4,535,14705,46,6654
1927,4,536,14705,46,6654
1928,4,531,14704,47,6654
1929,4,529,14704,47,6654
1930,4,540,14707,46,6654
1931,4,531,14707,47,6654
1932,4,531,14708,47,6654
1933,4,545,14709,47,6654
1934,4,540,14711,46,6654
1935,4,536,14711,46,6654
1936,4,532,14712,46,6654
1937,4,536,14717,45,6654
1938,4,533,14717,46,6654
1939,4,536,14719,43,6654
1940,4,535,14720,44,6654
1941,4,536,14720,45,6654
1942,4,537,14720,47,6654
1943,4,536,14721,46,6654
1944,4,532,14722,46,6654
1945,4,533,14723,46,6654
1946,4,534,14723,45,6654
1947,4,537,14723,42,6654
1948,4,539,14723,42,6654
1949,4,536,14722,42,6654
1950,4,535,14723,42,6654
1951,4,533,14723,42,6654
1952,4,539,14725,41,6654
1953,4,539,14727,41,6654
1954,4,533,14730,41,6654
1955,4,532,14732,41,6654
1956,4,538,14732,39,6654
1957,4,532,14734,38,6654
1958,4,538,14734,38,6654
1959,4,539,14734,36,6654
1960,4,536,14734,35,6654
1961,4,539,14735,35,6654
1962,4,537,14737,35,6654
1963,4,537,14740,35,6654
1964,4,534,14741,34,6654
1965,4,539,14743,34,6654
1966,4,528,14744,32,6654
1967,4,532,14745,32,6654
1968,4,533,14747,31,6654
1969,4,538,14749,31,6654
1970,4,531,14750,28,6654
1971,4,531,14750,28,6654
1972,4,534,14753,26,6654
1973,4,541,14754,26,6654
1974,4,531,14756,26,6654
1975,4,541,14756,24,6654
1976,4,537,14756,23,6654
1977,4,533,14757,23,6654
1978,4,532,14757,23,6654
1979,4,541,14757,22,6654
1980,4,540,14758,22,6654
1981,4,538,14759,22,6654
1982,4,542,14760,22,6654
1983,4,536,14762,21,6654
1984,4,536,14763,20,6654
1985,4,532,14764,20,6654
1986,4,535,14764,20,6654
1987,4,538,14764,20,6654
1988,4,532,14766,20,6654
1989,4,533,14767,19,6654
1990,4,533,14767,19,6654
1991,4,539,14767,19,6654
1992,4,536,14768,19,6654
1993,4,541,14769,18,6654
1994,4,534,14771,18,6654
1995,4,540,14771,17,6654
1996,4,537,14773,16,6654
1997,4,539,14775,14,6654
1998,4,541,14776,14,6654
1999,4,539,14777,13,6654
2000,4,538,14778,13,6654
2001,4,538,14780,13,6654
2002,4,538,14781,13,6654
2003,4,536,14781,13,6654
2004,4,536,14781,13,6654
2005,4,532,14782,12,6654
2006,4,534,14783,12,6654
2007,4,536,14785,12,6654
2008,4,536,14787,11,6654
2009,4,538,14787,10,6654
2010,4,538,14790,10,6654
2011,4,534,14791,10,6654
2012,4,537,14794,9,6654
2013,4,533,14795,9,6654
2014,4,534,14797,9,6654
2015,4,536,14801,9,6654
2016,4,540,14802,9,6654
2017,4,538,14802,9,6654
2018,4,539,14803,9,6654
2019,4,532,14805,8,6654
2020,4,533,14807,8,6654
2021,4,536,14810,7,6654
2022,4,540,14811,6,6654
2023,4,537,14814,4,6654
2024,4,541,14815,4,6654
2025,4,536,14815,4,6654
2026,4,535,14818,4,6654
2027,4,540,14820,4,6654
2028,4,539,14820,4,6654
2029,4,534,14822,3,6654
2030,4,539,14825,1,6654
2031,4,541,14826,0,6654
2032,4,531,14826,0,6654
2033,4,543,14826,0,6654
2034,4,530,14826,0,6654
2035,4,538,14827,0,6654
2036,4,536,14830,0,6654
2037,4,534,14830,0,6654
2038,4,537,14832,0,6654
2039,4,536,14832,0,6654
2040,4,529,14833,0,6654
2041,4,539,14835,0,6654
2042,4,537,14836,0,6654
2043,4,536,14837,0,6654
2044,4,538,14839,0,6654
2045,4,533,14842,0,6654
2046,4,536,14846,0,6654
2047,4,534,14846,0,6654
2048,4,532,14846,0,6654
2049,4,533,14846,0,6654
2050,4,532,14848,0,6654
2051,4,535,14850,0,6654
2052,4,536,14851,0,6654
2053,4,536,14854,0,6654
2054,4,533,14855,0,6654
2055,4,534,14856,0,6654
2056,4,535,14856,0,6654
2057,4,536,14859,0,6654
2058,4,536,14862,0,6654
2059,4,534,14863,0,6654
2060,4,534,14865,0,6654
2061,4,535,14870,0,6654
2062,4,529,14872,0,6654
2063,4,531,14876,0,6654
2064,4,537,14877,0,6654
2065,4,536,14877,0,6654
2066,4,536,14880,0,6654
2067,4,540,14882,0,6654
2068,4,533,14884,0,6654
2069,4,533,14887,0,6654
2070,4,532,14887,0,6654
2071,4,534,14888,0,6654
2072,4,534,14890,0,6654
2073,4,531,14890,0,6654
2074,4,538,14892,0,6654
2075,4,537,14894,0,6654
2076,4,532,14894,0,6654
2077,4,543,14894,0,6654
2078,4,535,14895,0,6654
2079,4,536,14898,0,6654
2080,4,539,14901,0,6654
2081,4,539,14906,0,6654
2082,4,537,14907,0,6654
2083,4,534,14909,0,6654
2084,4,537,14909,0,6654
2085,4,542,14909,0,6654
2086,4,543,14909,0,6654
2087,4,533,14910,0,6654
2088,4,540,14913,0,6654
2089,4,535,14916,0,6654
2090,4,535,14917,0,6654
2091,4,539,14919,0,6654
2092,4,539,14923,0,6654
2093,4,536,14924,0,6654
2094,4,533,14924,0,6654
2095,4,539,14925,0,6654
2096,4,538,14926,0,6654
2097,4,534,14930,0,6654
2098,4,533,14931,0,6654
2099,4,541,14933,0,6654
2100,4,539,14936,0,6654
2101,4,539,14937,1,6654
2102,4,535,14937,1,6654
2103,4,539,14937,1,6654
2104,4,536,14938,1,6654
2105,4,536,14939,1,6654
2106,4,540,14941,1,6654
2107,4,531,14943,1,6654
2108,4,536,14944,1,6654
2109,4,534,14946,1,6654
2110,4,538,14949,1,6654
2111,4,537,14950,1,6654
2112,4,539,14951,1,6654
2113,4,534,14951,1,6654
2114,4,531,14952,1,6654
2115,4,539,14954,1,6654
2116,4,539,14955,1,6654
2117,4,536,14955,1,6654
2118,4,529,14959,1,6654
2119,4,535,14959,1,6654
2120,4,535,14959,1,6654
2121,4,537,14960,1,6654
2122,4,530,14960,1,6654
2123,4,538,14960,1,6654
2124,4,538,14961,1,6654
2125,4,540,14961,1,6654
2126,4,539,14962,1,6654
2127,4,538,14963,1,6654
2128,4,542,14964,1,6654
2129,4,539,14964,1,6654
2130,4,533,14965,1,6654
2131,4,534,14965,1,6654
2132,4,538,14965,1,6654
2133,4,534,14965,1,6654
2134,4,533,14965,1,6654
2135,4,533,14967,1,6654
2136,4,535,14969,1,6654
2137,4,535,14970,1,6654
2138,4,531,14970,1,6654
2139,4,532,14970,1,6654
2140,4,537,14973,1,6654
2141,4,533,14976,1,6654
2142,4,538,14979,1,6654
2143,4,535,14983,1,6654
2144,4,533,14984,1,6654
2145,4,531,14985,1,6654
2146,4,535,14986,1,6654
2147,4,533,14987,1,6654
2148,4,531,14988,1,6654
2149,4,534,14988,1,6654
2150,4,536,14991,1,6654
2151,4,533,14991,1,6654
2152,4,533,14993,1,6654
2153,4,537,14993,1,6654
2154,4,534,14996,2,6654
2155,4,535,14999,2,6654
2156,4,536,15000,2,6654
2157,4,534,15002,2,6654
2158,4,529,15006,2,6654
2159,4,532,15006,2,6654
2160,4,531,15006,3,6654
2161,4,531,15009,3,6654
2162,4,533,15013,3,6654
2163,4,533,15016,3,6654
2164,4,530,15020,3,6654
2165,4,531,15023,3,6654
2166,4,535,15026,3,6654
2167,4,536,15025,4,6654
2168,4,535,15026,4,6654
2169,4,535,15029,5,6654
2170,4,529,15031,5,6654
2171,4,535,15031,5,6654
2172,4,533,15037,5,6654
2173,4,532,15035,7,6654
2174,4,529,15036,7,6654
2175,4,536,15036,8,6654
2176,4,532,15037,8,6654
2177,4,534,15037,8,6654
2178,4,530,15038,8,6654
2179,4,537,15039,8,6654
2180,4,531,15042,8,6654
2181,4,531,15043,8,6654
2182,4,524,15044,7,6654
2183,4,528,15044,7,6654
2184,4,533,15044,7,6654
2185,4,526,15047,7,6654
2186,4,530,15047,7,6654
2187,4,530,15050,7,6654
2188,4,531,15051,7,6654
2189,4,535,15051,7,6654
2190,4,531,15052,7,6654
2191,4,531,15055,7,6654
2192,4,534,15058,7,6654
2193,4,534,15060,7,6654
2194,4,527,15061,7,6654
2195,4,528,15061,7,6654
2196,4,531,15062,7,6654
2197,4,531,15063,7,6654
2198,4,526,15064,7,6654
2199,4,531,15064,7,6654
2200,4,527,15066,7,6654
2201,4,531,15068,7,6654
2202,4,531,15068,7,6654
2203,4,530,15071,7,6654
2204,4,527,15075,7,6654
2205,4,531,15078,7,6654
2206,4,536,15078,7,6654
2207,4,536,15079,7,6654
2208,4,531,15080,7,6654
2209,4,528,15082,7,6654
2210,4,523,15082,7,6654
2211,4,532,15082,7,6654
2212,4,531,15083,7,6654
2213,4,530,15086,7,6654
2214,4,527,15086,7,6654
2215,4,529,15087,7,6654
2216,4,527,15088,7,6654
2217,4,534,15089,7,6654
2218,4,528,15090,7,6654
2219,4,529,15092,7,6654
2220,4,535,15094,7,6654
2221,4,530,15096,7,6654
2222,4,533,15097,7,6654
2223,4,531,15098,7,6654
2224,4,529,15098,7,6654
2225,4,531,15101,7,6654
2226,4,534,15105,7,6654
2227,4,531,15106,7,6654
2228,4,537,15108,7,6654
2229,4,529,15108,7,6654
2230,4,530,15108,7,6654
2231,4,533,15109,7,6654
2232,4,524,15112,7,6654
2233,4,532,15114,7,6654
2234,4,529,15114,7,6654
2235,4,532,15115,6,6654
2236,4,533,15115,6,6654
2237,4,524,15118,6,6654
2238,4,533,15119,6,6654
2239,4,532,15122,6,6654
2240,4,532,15123,6,6654
2241,4,528,15124,5,6654
2242,4,528,15125,5,6654
2243,4,527,15126,5,6654
2244,4,536,15128,5,6654
2245,4,532,15129,5,6654
2246,4,530,15130,5,6654
2247,4,532,15131,5,6654
2248,4,534,15131,4,6654
2249,4,534,15133,4,6654
2250,4,532,15134,3,6654
2251,4,532,15136,3,6654
2252,4,525,15136,3,6654
2253,4,533,15138,3,6654
2254,4,532,15139,1,6654
2255,4,530,15140,1,6654
2256,4,523,15142,0,6654
2257,4,534,15144,0,6654
2258,4,531,15144,0,6654
2259,4,528,15145,0,6654
2260,4,536,15145,0,6654
2261,4,534,15147,0,6654
2262,4,526,15147,0,6654
2263,4,527,15149,0,6654
2264,4,526,15149,0,6654
2265,4,531,15150,0,6654
2266,4,529,15151,0,6654
2267,4,527,15152,0,6654
2268,4,530,15153,0,6654
2269,4,532,15153,0,6654
2270,4,531,15154,0,6654
2271,4,530,15154,0,6654
2272,4,532,15155,0,6654
2273,4,532,15156,0,6654
2274,4,531,15158,0,6654
2275,4,525,15158,0,6654
2276,4,529,15159,0,6654
2277,4,527,15162,0,6654
2278,4,535,15162,0,6654
2279,4,533,15164,0,6654
2280,4,529,15170,0,6654
2281,4,526,15171,0,6654
2282,4,535,15171,0,6654
2283,4,529,15171,0,6654
2284,4,527,15171,0,6654
2285,4,531,15171,0,6654
2286,4,535,15171,0,6654
2287,4,526,15173,0,6654
2288,4,530,15175,0,6654
2289,4,532,15175,0,6654
2290,4,531,15177,0,6654
2291,4,525,15177,0,6654
2292,4,531,15177,0,6654
2293,4,529,15178,0,6654
2294,4,530,15182,0,6654
2295,4,529,15185,0,6654
2296,4,527,15186,0,6654
2297,4,531,15189,0,6654
2298,4,532,15190,0,6654
2299,4,529,15190,0,6654
2300,4,527,15191,0,6654
2301,4,532,15191,0,6654
2302,4,530,15192,0,6654
2303,4,520,15193,0,6654
2304,4,524,15195,0,6654
2305,4,527,15198,0,6654
2306,4,526,15200,0,6654
2307,4,530,15200,0,6654
2308,4,529,15200,0,6654
2309,4,524,15202,0,6654
2310,4,535,15203,0,6654
2311,4,526,15205,0,6654
2312,4,531,15206,0,6654
2313,4,529,15208,0,6654
2314,4,529,15210,0,6654
2315,4,530,15214,0,6654
2316,4,530,15214,0,6654
2317,4,528,15216,0,6654
2318,4,531,15218,0,6654
2319,4,527,15220,0,6654
2320,4,527,15221,0,6654
2321,4,531,15222,0,6654
2322,4,525,15223,0,6654
2323,4,534,15224,0,6654
2324,4,529,15224,0,6654
2325,4,528,15226,0,6654
2326,4,523,15228,0,6654
2327,4,526,15229,0,6654
2328,4,531,15234,0,6654
2329,4,523,15234,0,6654
2330,4,534,15235,0,6654
2331,4,526,15237,0,6654
2332,4,527,15237,1,6654
2333,4,534,15237,1,6654
2334,4,530,15238,1,6654
2335,4,529,15239,1,6654
2336,4,533,15240,1,6654
2337,4,524,15242,1,6654
2338,4,520,15245,1,6654
2339,4,532,15246,2,6654
2340,4,533,15248,2,6654
2341,4,530,15250,2,6654
2342,4,528,15251,2,6654
2343,4,525,15253,2,6654
2344,4,536,15255,2,6654
2345,4,536,15256,2,6654
2346,4,530,15257,2,6654
2347,4,529,15259,2,6654
2348,4,528,15259,2,6654
2349,4,532,15261,2,6654
2350,4,526,15262,2,6654
2351,4,525,15262,2,6654
2352,4,530,15263,2,6654
2353,4,526,15263,2,6654
2354,4,528,15263,2,6654
2355,4,519,15264,2,6654
2356,4,531,15265,2,6654
2357,4,527,15264,4,6654
2358,4,526,15266,4,6654
2359,4,533,15266,4,6654
2360,4,531,15264,7,6654
2361,4,522,15264,8,6654
2362,4,526,15268,9,6654
2363,4,522,15268,10,6654
2364,4,527,15267,11,6654
2365,4,528,15267,12,6654
2366,4,530,15266,14,6654
2367,4,521,15269,14,6654
2368,4,522,15269,14,6654
2369,4,526,15270,14,6654
2370,4,527,15270,14,6654
2371,4,525,15272,14,6654
2372,4,532,15272,14,6654
2373,4,526,15274,14,6654
2374,4,530,15276,14,6654
2375,4,527,15275,15,6654
2376,4,529,15275,15,6654
2377,4,525,15276,15,6654
2378,4,530,15277,15,6654
2379,4,527,15278,16,6654
2380,4,534,15280,16,6654
2381,4,527,15280,17,6654
2382,4,530,15281,17,6654
2383,4,523,15280,18,6654
2384,4,533,15281,18,6654
2385,4,524,15282,18,6654
2386,4,525,15283,18,6654
2387,4,529,15283,18,6654
2388,4,526,15282,20,6654
2389,4,531,15282,22,6654
2390,4,526,15281,24,6654
2391,4,530,15280,25,6654
2392,4,526,15280,26,6654
2393,4,532,15279,28,6654
2394,4,527,15278,29,6654
2395,4,529,15279,29,6654
2396,4,528,15277,31,6654
2397,4,528,15278,31,6654
2398,4,527,15277,33,6654
2399,4,525,15278,34,6654
2400,4,526,15276,37,6654
2401,4,532,15276,38,6654
2402,4,530,15275,41,6654
2403,4,529,15272,44,6654
2404,4,525,15271,45,6654
2405,4,527,15270,47,6654
2406,4,531,15273,49,6654
2407,4,533,15273,50,6654
2408,4,530,15271,53,6654
2409,4,525,15272,53,6654
2410,4,527,15274,54,6654
2411,4,530,15271,57,6654
2412,4,530,15270,58,6654
2413,4,530,15270,58,6654
2414,4,530,15269,59,6654
2415,4,532,15270,59,6654
2416,4,528,15272,60,6654
2417,4,529,15274,60,6654
2418,4,530,15274,60,6654
2419,4,527,15273,62,6654
2420,4,528,15273,61,6654
2421,4,529,15275,61,6654
2422,4,528,15276,62,6654
2423,4,533,15276,62,6654
2424,4,534,15276,62,6654
2425,4,525,15278,63,6654
2426,4,525,15280,63,6654
2427,4,530,15282,63,6654
2428,4,526,15284,64,6654
2429,4,527,15282,66,6654
2430,4,529,15278,71,6654
2431,4,533,15275,74,6654
2432,4,525,15276,75,6654
2433,4,522,15273,78,6654
2434,4,527,15272,79,6654
2435,4,528,15272,79,6654
2436,4,531,15273,79,6654
2437,4,528,15274,79,6654
2438,4,529,15272,79,6654
2439,4,529,15273,79,6654
2440,4,529,15276,80,6654
2441,4,528,15275,78,6654
2442,4,536,15275,77,6654
2443,4,529,15274,77,6654
2444,4,528,15275,77,6654
2445,4,528,15276,76,6654
2446,4,529,15275,76,6654
2447,4,532,15274,76,6654
2448,4,522,15274,77,6654
2449,4,524,15276,77,6654
2450,4,523,15277,78,6654
2451,4,530,15277,79,6654
2452,4,526,15277,79,6654
2453,4,532,15279,79,6654
2454,4,535,15280,80,6654
2455,4,530,15280,80,6654
2456,4,529,15282,79,6654
2457,4,529,15283,80,6654
2458,4,530,15284,80,6654
2459,4,528,15282,83,6654
2460,4,529,15282,82,6654
2461,4,522,15283,82,6654
2462,4,531,15286,81,6654
2463,4,527,15290,81,6654
2464,4,530,15290,80,6654
2465,4,523,15291,81,6654
2466,4,530,15291,81,6654
2467,4,518,15292,82,6654
2468,4,531,15293,82,6654
2469,4,531,15295,80,6654
2470,4,524,15296,79,6654
2471,4,530,15300,77,6654
2472,4,532,15300,76,6654
2473,4,524,15298,77,6654
2474,4,525,15298,77,6654
2475,4,522,15299,76,6654
2476,4,527,15296,79,6654
2477,4,532,15296,78,6654
2478,4,534,15294,80,6654
2479,4,525,15293,83,6654
2480,4,528,15293,82,6654
2481,4,527,15293,80,6654
2482,4,529,15289,83,6654
2483,4,524,15289,80,6654
2484,4,526,15287,79,6654
2485,4,526,15281,84,6654
2486,4,534,15283,82,6654
2487,4,527,15284,80,6654
2488,4,527,15283,81,6654
2489,4,527,15283,80,6654
2490,4,529,15279,84,6654
2491,4,524,15274,88,6654
2492,4,523,15277,85,6654
2493,4,527,15274,87,6654
2494,4,522,15274,87,6654
2495,4,528,15276,89,6654
2496,4,522,15275,90,6654
2497,4,530,15275,89,6654
2498,4,523,15274,90,6654
2499,4,530,15273,92,6654
2500,4,528,15275,91,6654
2501,4,528,15273,93,6654
2502,4,526,15271,96,6654
2503,4,526,15273,95,6654
2504,4,528,15272,98,6654
2505,4,529,15272,99,6654
2506,4,526,15271,99,6654
2507,4,528,15272,100,6654
2508,4,522,15271,102,6654
2509,4,527,15272,102,6654
2510,4,529,15271,101,6654
2511,4,525,15271,97,6654
2512,4,530,15270,96,6654
2513,4,528,15269,96,6654
2514,4,530,15268,95,6654
2515,4,525,15269,94,6654
2516,4,526,15270,94,6654
2517,4,526,15271,94,6654
2518,4,530,15270,95,6654
2519,4,526,15271,93,6654
2520,4,527,15271,94,6654
2521,4,528,15272,93,6654
2522,4,528,15272,93,6654
2523,4,535,15273,93,6654
2524,4,531,15273,94,6654
2525,4,534,15274,95,6654
2526,4,529,15274,95,6654
2527,4,535,15275,95,6654
2528,4,532,15274,95,6654
2529,4,532,15277,94,6654
2530,4,532,15275,96,6654
2531,4,530,15272,98,6654
2532,4,531,15272,98,6654
2533,4,532,15272,99,6654
2534,4,528,15273,99,6654
2535,4,530,15272,100,6654
2536,4,532,15272,101,6654
2537,4,532,15272,101,6654
2538,4,532,15271,102,6654
2539,4,533,15271,104,6654
2540,4,530,15272,101,6654
2541,4,532,15271,103,6654
2542,4,528,15272,103,6654
2543,4,532,15274,104,6654
2544,4,539,15274,105,6654
2545,4,530,15274,105,6654
2546,4,527,15271,107,6654
2547,4,534,15272,108,6654
2548,4,535,15272,108,6654
2549,4,530,15273,110,6654
2550,4,531,15274,110,6654
2551,4,528,15274,110,6654
2552,4,534,15276,110,6654
2553,4,534,15278,110,6654
2554,4,529,15279,108,6654
2555,4,535,15281,107,6654
2556,4,535,15280,109,6654
2557,4,534,15282,106,6654
2558,4,524,15284,105,6654
2559,4,535,15284,104,6654
2560,4,534,15286,99,6654
2561,4,524,15287,99,6654
2562,4,534,15288,98,6654
2563,4,531,15289,95,6654
2564,4,533,15289,95,6654
2565,4,529,15290,94,6654
2566,4,528,15290,88,6654
2567,4,533,15290,88,6654
2568,4,533,15292,88,6654
2569,4,528,15292,86,6654
2570,4,531,15292,85,6654
2571,4,529,15294,82,6654
2572,4,525,15297,77,6654
2573,4,528,15299,77,6654
2574,4,527,15300,74,6654
2575,4,533,15301,73,6654
2576,4,529,15304,70,6654
2577,4,529,15305,71,6654
2578,4,533,15307,71,6654
2579,4,530,15310,70,6654
2580,4,528,15310,68,6654
2581,4,528,15310,68,6654
2582,4,536,15310,66,6654
2583,4,530,15311,64,6654
2584,4,530,15311,65,6654
2585,4,525,15310,63,6654
2586,4,530,15311,62,6654
2587,4,531,15312,61,6654
2588,4,531,15313,61,6654
2589,4,528,15315,59,6654
2590,4,531,15314,59,6654
2591,4,526,15313,60,6654
2592,4,529,15315,60,6654
2593,4,530,15318,58,6654
2594,4,528,15320,57,6654
2595,4,531,15318,57,6654
2596,4,534,15318,58,6654
2597,4,528,15319,60,6654
2598,4,527,15318,61,6654
2599,4,530,15318,61,6654
2600,4,532,15320,61,6654
2601,4,529,15321,60,6654
2602,4,531,15321,60,6654
2603,4,531,15323,59,6654
2604,4,530,15322,60,6654
2605,4,531,15324,58,6654
2606,4,526,15324,56,6654
2607,4,535,15325,56,6654
2608,4,533,15327,56,6654
2609,4,531,15327,55,6654
2610,4,532,15327,56,6654
2611,4,526,15328,55,6654
2612,4,526,15330,52,6654
2613,4,528,15329,52,6654
2614,4,530,15332,51,6654
2615,4,526,15334,51,6654
2616,4,526,15334,49,6654
2617,4,526,15336,48,6654
2618,4,534,15337,48,6654
2619,4,532,15337,46,6654
2620,4,531,15340,44,6654
2621,4,535,15341,44,6654
2622,4,534,15341,42,6654
2623,4,526,15342,42,6654
2624,4,532,15342,41,6654
2625,4,530,15344,40,6654
2626,4,527,15345,40,6654
2627,4,524,15346,37,6654
2628,4,532,15348,36,6654
2629,4,527,15349,35,6654
2630,4,529,15349,33,6654
2631,4,529,15349,33,6654
2632,4,532,15350,32,6654
2633,4,537,15351,32,6654
2634,4,528,15352,32,6654
2635,4,525,15352,32,6654
2636,4,538,15352,31,6654
2637,4,538,15353,29,6654
2638,4,534,15354,29,6654
2639,4,535,15354,29,6654
2640,4,530,15354,28,6654
2641,4,534,15354,28,6654
2642,4,531,15354,28,6654
2643,4,533,15354,28,6654
2644,4,533,15355,27,6654
2645,4,536,15355,27,6654
2646,4,526,15356,26,6654
2647,4,527,15359,26,6654
2648,4,528,15360,26,6654
2649,4,534,15360,26,6654
2650,4,528,15363,26,6654
2651,4,533,15363,25,6654
2652,4,536,15365,24,6654
2653,4,529,15367,24,6654
2654,4,527,15367,24,6654
2655,4,526,15367,24,6654
2656,4,531,15367,24,6654
2657,4,530,15367,24,6654
2658,4,532,15368,22,6654
2659,4,534,15369,22,6654
2660,4,532,15371,22,6654
2661,4,533,15374,22,6654
2662,4,533,15374,21,6654
2663,4,525,15376,21,6654
2664,4,523,15376,20,6654
2665,4,532,15377,19,6654
2666,4,526,15378,18,6654
2667,4,532,15378,18,6654
2668,4,538,15378,18,6654
2669,4,530,15379,17,6654
2670,4,528,15380,17,6654
2671,4,537,15381,16,6654
2672,4,531,15383,14,6654
2673,4,528,15385,13,6654
2674,4,531,15386,13,6654
2675,4,530,15386,13,6654
2676,4,527,15386,11,6654
2677,4,530,15387,10,6654
2678,4,528,15389,8,6654
2679,4,527,15391,7,6654
2680,4,529,15392,6,6654
2681,4,536,15394,6,6654
2682,4,529,15396,6,6654
2683,4,529,15397,6,6654
2684,4,531,15398,6,6654
2685,4,529,15399,5,6654
2686,4,536,15402,5,6654
2687,4,532,15402,5,6654
2688,4,533,15402,5,6654
2689,4,536,15404,4,6654
2690,4,531,15404,3,6654
2691,4,534,15405,2,6654
2692,4,530,15405,1,6654
2693,4,528,15405,1,6654
2694,4,533,15405,0,6654
2695,4,527,15405,0,6654
2696,4,528,15407,0,6654
2697,4,523,15407,0,6654
2698,4,529,15409,0,6654
2699,4,528,15411,0,6654
2700,4,528,15412,0,6654
2701,4,532,15412,0,6654
2702,4,533,15412,0,6654
2703,4,531,15413,0,6654
2704,4,531,15414,0,6654
2705,4,533,15415,0,6654
2706,4,526,15417,0,6654
2707,4,532,15417,0,6654
2708,4,532,15420,0,6654
2709,4,530,15421,0,6654
2710,4,527,15422,0,6654
2711,4,535,15425,0,6654
2712,4,527,15425,0,6654
2713,4,534,15428,0,6654
2714,4,536,15429,0,6654
2715,4,534,15431,0,6654
2716,4,537,15435,0,6654
2717,4,533,15438,0,6654
2718,4,528,15440,0,6654
2719,4,532,15442,0,6654
2720,4,533,15443,0,6654
2721,4,530,15445,0,6654
2722,4,526,15445,0,6654
2723,4,532,15446,0,6654
2724,4,528,15446,0,6654
2725,4,529,15448,0,6654
2726,4,526,15450,0,6654
2727,4,531,15451,0,6654
2728,4,534,15453,0,6654
2729,4,535,15454,0,6654
2730,4,530,15456,0,6654
2731,4,535,15456,0,6654
2732,4,534,15457,0,6654
2733,4,531,15455,2,6654
2734,4,532,15456,2,6654
2735,4,531,15458,2,6654
2736,4,531,15460,2,6654
2737,4,535,15461,3,6654
2738,4,532,15462,4,6654
2739,4,524,15462,4,6654
2740,4,528,15464,4,6654
2741,4,534,15464,6,6654
2742,4,532,15463,7,6654
2743,4,534,15461,9,6654
2744,4,532,15462,9,6654
2745,4,527,15462,9,6654
2746,4,528,15462,10,6654
2747,4,529,15463,11,6654
2748,4,524,15464,13,6654
2749,4,530,15462,15,6654
2750,4,528,15465,15,6654
2751,4,529,15464,17,6654
2752,4,527,15467,18,6654
2753,4,527,15466,19,6654
2754,4,532,15468,20,6654
2755,4,528,15470,20,6654
2756,4,531,15472,20,6654
2757,4,533,15475,21,6654
2758,4,528,15477,22,6654
2759,4,531,15478,22,6654
2760,4,534,15483,22,6654
2761,4,530,15483,22,6654
2762,4,529,15485,22,6654
2763,4,531,15488,22,6654
2764,4,533,15489,22,6654
2765,4,528,15492,22,6654
2766,4,530,15492,22,6654
2767,4,530,15496,22,6654
2768,4,533,15498,22,6654
2769,4,527,15499,22,6654
2770,4,532,15500,22,6654
2771,4,530,15500,22,6654
2772,4,533,15500,23,6654
2773,4,531,15502,23,6654
2774,4,532,15502,23,6654
2775,4,537,15503,23,6654
2776,4,530,15505,23,6654
2777,4,530,15506,23,6654
2778,4,533,15508,23,6654
2779,4,532,15508,23,6654
2780,4,530,15509,23,6654
2781,4,529,15509,23,6654
2782,4,523,15511,23,6654
2783,4,534,15512,23,6654
2784,4,536,15513,23,6654
2785,4,532,15515,23,6654
2786,4,527,15516,23,6654
2787,4,529,15517,23,6654
2788,4,523,15517,23,6654
2789,4,532,15518,23,6654
2790,4,531,15519,23,6654
2791,4,531,15519,23,6654
2792,4,535,15522,23,6654
2793,4,528,15521,24,6654
2794,4,531,15522,24,6654
2795,4,528,15522,24,6654
2796,4,532,15523,24,6654
2797,4,534,15528,24,6654
2798,4,529,15528,24,6654
2799,4,534,15528,25,6654
2800,4,533,15530,25,6654
2801,4,531,15532,25,6654
2802,4,533,15532,25,6654
2803,4,532,15532,25,6654
2804,4,528,15533,25,6654
2805,4,527,15531,27,6654
2806,4,534,15531,28,6654
2807,4,534,15534,28,6654
2808,4,530,15536,28,6654
2809,4,532,15535,29,6654
2810,4,530,15536,29,6654
2811,4,527,15536,29,6654
2812,4,535,15536,29,6654
2813,4,529,15536,29,6654
2814,4,531,15536,28,6654
2815,4,523,15536,28,6654
2816,4,530,15537,28,6654
2817,4,536,15540,28,6654
2818,4,526,15542,28,6654
2819,4,535,15544,27,6654
2820,4,527,15544,27,6654
2821,4,530,15543,28,6654
2822,4,531,15544,26,6654
2823,4,536,15545,25,6654
2824,4,524,15547,23,6654
2825,4,531,15548,23,6654
2826,4,529,15548,23,6654
2827,4,528,15552,22,6654
2828,4,534,15555,21,6654
2829,4,529,15556,19,6654
2830,4,529,15559,17,6654
2831,4,528,15559,18,6654
2832,4,534,15558,17,6654
2833,4,532,15558,16,6654
2834,4,533,15560,15,6654
2835,4,529,15562,14,6654
2836,4,529,15564,14,6654
2837,4,530,15564,14,6654
2838,4,532,15565,13,6654
2839,4,533,15567,12,6654
2840,4,531,15567,12,6654
2841,4,529,15567,12,6654
2842,4,532,15569,12,6654
2843,4,529,15570,12,6654
2844,4,533,15574,12,6654
2845,4,532,15576,12,6654
2846,4,531,15577,12,6654
2847,4,531,15578,12,6654
2848,4,525,15579,12,6654
2849,4,528,15579,12,6654
2850,4,530,15583,12,6654
2851,4,532,15585,12,6654
2852,4,531,15585,12,6654
2853,4,533,15586,11,6654
2854,4,532,15589,11,6654
2855,4,526,15590,11,6654
2856,4,528,15592,11,6654
2857,4,533,15595,11,6654
2858,4,530,15595,11,6654
2859,4,533,15597,11,6654
2860,4,530,15597,11,6654
2861,4,528,15599,11,6654
2862,4,528,15602,11,6654
2863,4,528,15603,11,6654
2864,4,531,15604,11,6654
2865,4,531,15605,11,6654
2866,4,531,15607,11,6654
2867,4,531,15609,11,6654
2868,4,528,15609,11,6654
2869,4,529,15610,11,6654
2870,4,532,15610,11,6654
2871,4,535,15611,11,6654
2872,4,535,15611,11,6654
2873,4,527,15614,11,6654
2874,4,531,15614,10,6654
2875,4,523,15615,10,6654
2876,4,535,15616,10,6654
2877,4,529,15616,10,6654
2878,4,529,15618,10,6654
2879,4,531,15619,10,6654
2880,4,534,15621,9,6654
2881,4,526,15625,9,6654
2882,4,532,15626,9,6654
2883,4,532,15628,9,6654
2884,4,529,15630,9,6654
2885,4,532,15631,9,6654
2886,4,531,15631,7,6654
2887,4,525,15634,6,6654
2888,4,524,15635,6,6654
2889,4,528,15636,6,6654
2890,4,532,15638,5,6654
2891,4,533,15638,5,6654
2892,4,530,15638,6,6654
2893,4,527,15640,7,6654
2894,4,534,15640,7,6654
2895,4,531,15643,6,6654
2896,4,533,15643,7,6654
2897,4,532,15645,7,6654
2898,4,529,15648,8,6654
2899,4,527,15649,8,6654
2900,4,529,15652,8,6654
2901,4,528,15653,8,6654
2902,4,528,15654,7,6654
2903,4,531,15654,7,6654
2904,4,528,15655,8,6654
2905,4,533,15655,8,6654
2906,4,531,15656,10,6654
2907,4,530,15657,11,6654
2908,4,527,15658,11,6654
2909,4,528,15659,12,6654
2910,4,532,15660,12,6654
2911,4,525,15660,12,6654
2912,4,530,15660,11,6654
2913,4,534,15663,10,6654
2914,4,530,15664,10,6654
2915,4,530,15664,11,6654
2916,4,529,15667,11,6654
2917,4,528,15669,11,6654
2918,4,529,15670,12,6654
2919,4,532,15670,12,6654
2920,4,530,15671,12,6654
2921,4,528,15672,12,6654
2922,4,530,15674,12,6654
2923,4,531,15676,12,6654
2924,4,529,15678,13,6654
2925,4,525,15680,13,6654
2926,4,531,15680,13,6654
2927,4,532,15682,13,6654
2928,4,533,15682,13,6654
2929,4,528,15685,13,6654
2930,4,527,15687,13,6654
2931,4,524,15688,14,6654
2932,4,534,15687,15,6654
2933,4,529,15689,15,6654
2934,4,529,15693,15,6654
2935,4,527,15697,15,6654
2936,4,529,15697,18,6654
2937,4,535,15698,18,6654
2938,4,533,15700,18,6654
2939,4,531,15701,18,6654
2940,4,527,15702,18,6654
2941,4,525,15704,19,6654
2942,4,528,15704,20,6654
2943,4,535,15704,20,6654
2944,4,532,15704,20,6654
2945,4,526,15705,21,6654
2946,4,532,15705,21,6654
2947,4,526,15706,21,6654
2948,4,532,15708,22,6654
2949,4,528,15709,22,6654
2950,4,525,15709,22,6654
2951,4,530,15709,22,6654
2952,4,531,15711,22,6654
2953,4,529,15713,22,6654
2954,4,530,15714,22,6654
2955,4,531,15716,22,6654
2956,4,528,15718,22,6654
2957,4,526,15720,22,6654
2958,4,530,15721,22,6654
2959,4,528,15723,22,6654
2960,4,528,15724,22,6654
2961,4,533,15726,22,6654
2962,4,528,15730,22,6654
2963,4,529,15731,22,6654
2964,4,527,15733,22,6654
2965,4,526,15734,22,6654
2966,4,523,15736,22,6654
2967,4,530,15737,22,6654
2968,4,529,15739,22,6654
2969,4,531,15741,22,6654
2970,4,526,15743,22,6654
2971,4,527,15746,22,6654
2972,4,531,15747,22,6654
2973,4,524,15748,21,6654
2974,4,529,15751,20,6654
2975,4,523,15753,20,6654
2976,4,528,15754,20,6654
2977,4,529,15754,19,6654
2978,4,532,15755,19,6654
2979,4,528,15757,18,6654
2980,4,527,15757,17,6654
2981,4,529,15759,17,6654
2982,4,531,15760,17,6654
2983,4,528,15762,17,6654
2984,4,534,15764,17,6654
2985,4,530,15765,16,6654
2986,4,527,15765,16,6654
2987,4,524,15765,14,6654
2988,4,532,15766,13,6654
2989,4,527,15767,13,6654
2990,4,528,15768,12,6654
2991,4,524,15768,12,6654
2992,4,530,15769,12,6654
2993,4,529,15771,12,6654
2994,4,522,15773,12,6654
2995,4,532,15777,12,6654
2996,4,526,15778,11,6654
2997,4,527,15779,11,6654
2998,4,527,15784,11,6654
2999,4,524,15788,10,6654
3000,4,529,15789,10,6654
3001,4,525,15792,10,6654
3002,4,527,15792,10,6654
3003,4,530,15794,10,6654
3004,4,526,15796,10,6654
3005,4,526,15799,9,6654
3006,4,527,15800,9,6654
3007,4,532,15802,9,6654
3008,4,534,15802,9,6654
3009,4,523,15803,9,6654
3010,4,528,15805,9,6654
3011,4,526,15808,9,6654
3012,4,530,15809,8,6654
3013,4,531,15810,7,6654
3014,4,527,15810,7,6654
3015,4,534,15810,7,6654
3016,4,527,15810,7,6654
3017,4,529,15811,4,6654
3018,4,529,15812,4,6654
3019,4,537,15812,4,6654
3020,4,528,15812,4,6654
3021,4,527,15813,4,6654
3022,4,524,15813,3,6654
3023,4,529,15813,2,6654
3024,4,531,15816,2,6654
3025,4,527,15817,2,6654
3026,4,528,15818,1,6654
3027,4,530,15821,1,6654
3028,4,529,15822,1,6654
3029,4,527,15822,0,6654
3030,4,531,15822,0,6654
3031,4,529,15823,0,6654
3032,4,535,15826,0,6654
3033,4,526,15827,0,6654
3034,4,527,15830,0,6654
3035,4,533,15834,0,6654
3036,4,528,15835,0,6654
3037,4,528,15835,0,6654
3038,4,531,15835,0,6654
3039,4,526,15836,0,6654
3040,4,528,15838,0,6654
3041,4,527,15838,0,6654
3042,4,527,15839,0,6654
3043,4,530,15841,0,6654
3044,4,523,15843,0,6654
3045,4,532,15845,0,6654
3046,4,529,15846,0,6654
3047,4,526,15846,0,6654
3048,4,528,15847,0,6654
3049,4,530,15847,0,6654
3050,4,533,15849,0,6654
3051,4,529,15851,0,6654
3052,4,528,15852,0,6654
3053,4,530,15853,0,6654
3054,4,529,15853,0,6654
3055,4,531,15853,0,6654
3056,4,529,15856,0,6654
3057,4,526,15856,0,6654
3058,4,526,15857,0,6654
3059,4,526,15858,0,6654
3060,4,533,15858,0,6654
3061,4,528,15859,0,6654
3062,4,531,15862,0,6654
3063,4,526,15862,0,6654
3064,4,531,15864,0,6654
3065,4,529,15868,0,6654
3066,4,528,15869,0,6654
3067,4,527,15869,0,6654
3068,4,528,15870,0,6654
3069,4,527,15870,0,6654
3070,4,527,15870,0,6654
3071,4,528,15870,0,6654
3072,4,528,15871,0,6654
3073,4,528,15872,0,6654
3074,4,530,15873,0,6654
3075,4,530,15877,0,6654
3076,4,525,15877,0,6654
3077,4,530,15877,0,6654
3078,4,524,15878,0,6654
3079,4,527,15879,0,6654
3080,4,522,15880,0,6654
3081,4,526,15880,0,6654
3082,4,530,15881,0,6654
3083,4,531,15883,0,6654
3084,4,532,15884,0,6654
3085,4,534,15885,0,6654
3086,4,524,15886,0,6654
3087,4,528,15889,0,6654
3088,4,531,15892,0,6654
3089,4,524,15893,0,6654
3090,4,527,15894,0,6654
3091,4,528,15896,0,6654
3092,4,533,15897,0,6654
3093,4,532,15901,0,6654
3094,4,529,15902,0,6654
3095,4,528,15905,0,6654
3096,4,530,15907,0,6654
3097,4,532,15909,0,6654
3098,4,529,15911,0,6654
3099,4,531,15912,0,6654
3100,4,529,15913,0,6654
3101,4,528,15914,0,6654
3102,4,532,15914,0,6654
3103,4,527,15914,0,6654
3104,4,529,15915,0,6654
3105,4,531,15917,0,6654
3106,4,527,15919,0,6654
3107,4,532,15920,0,6654
3108,4,534,15923,0,6654
3109,4,532,15925,0,6654
3110,4,530,15927,0,6654
3111,4,530,15930,0,6654
3112,4,526,15932,0,6654
3113,4,530,15933,0,6654
3114,4,526,15934,0,6654
3115,4,526,15934,0,6654
3116,4,529,15934,0,6654
3117,4,529,15936,0,6654
3118,4,529,15938,0,6654
3119,4,533,15940,0,6654
3120,4,527,15940,0,6654
3121,4,530,15944,0,6654
3122,4,532,15944,0,6654
3123,4,530,15944,0,6654
3124,4,529,15944,0,6654
3125,4,532,15943,1,6654
3126,4,529,15943,2,6654
3127,4,532,15943,2,6654
3128,4,531,15942,3,6654
3129,4,527,15945,3,6654
3130,4,527,15946,3,6654
3131,4,527,15946,3,6654
3132,4,530,15946,3,6654
3133,4,531,15947,3,6654
3134,4,525,15946,4,6654
3135,4,530,15946,4,6654
3136,4,528,15947,4,6654
3137,4,526,15947,5,6654
3138,4,525,15947,6,6654
3139,4,531,15947,7,6654
3140,4,529,15947,7,6654
3141,4,534,15947,7,6654
3142,4,532,15948,7,6654
3143,4,528,15948,7,6654
3144,4,527,15949,7,6654
3145,4,530,15951,7,6654
3146,4,527,15953,8,6654
3147,4,531,15954,9,6654
3148,4,530,15956,9,6654
3149,4,526,15958,9,6654
3150,4,526,15958,10,6654
3151,4,528,15959,11,6654
3152,4,529,15962,11,6654
3153,4,533,15963,11,6654
3154,4,532,15963,11,6654
3155,4,533,15965,12,6654
3156,4,528,15965,13,6654
3157,4,528,15965,13,6654
3158,4,531,15964,14,6654
3159,4,530,15962,16,6654
3160,4,531,15961,17,6654
3161,4,532,15965,17,6654
3162,4,532,15967,17,6654
3163,4,529,15969,18,6654
3164,4,528,15970,18,6654
3165,4,533,15972,19,6654
3166,4,534,15973,19,6654
3167,4,520,15974,20,6654
3168,4,531,15974,22,6654
3169,4,527,15974,23,6654
3170,4,536,15972,25,6654
3171,4,529,15971,27,6654
3172,4,529,15972,28,6654
3173,4,528,15972,30,6654
3174,4,529,15974,30,6654
3175,4,528,15974,30,6654
3176,4,524,15974,30,6654
3177,4,529,15976,30,6654
3178,4,530,15975,32,6654
3179,4,532,15974,35,6654
3180,4,529,15974,36,6654
3181,4,530,15971,39,6654
3182,4,531,15971,39,6654
3183,4,531,15972,40,6654
3184,4,525,15975,40,6654
3185,4,530,15974,42,6654
3186,4,528,15975,42,6654
3187,4,526,15974,43,6654
3188,4,530,15973,45,6654
3189,4,524,15972,46,6654
3190,4,534,15973,48,6654
3191,4,527,15976,48,6654
3192,4,533,15977,49,6654
3193,4,528,15974,52,6654
3194,4,529,15972,54,6654
3195,4,528,15972,56,6654
3196,4,529,15975,56,6654
3197,4,528,15977,56,6654
3198,4,528,15977,57,6654
3199,4,531,15978,57,6654
3200,4,529,15979,58,6654
3201,4,526,15979,59,6654
3202,4,529,15978,62,6654
3203,4,534,15979,64,6654
3204,4,529,15979,66,6654
3205,4,525,15976,69,6654
3206,4,526,15976,68,6654
3207,4,527,15975,68,6654
3208,4,535,15975,69,6654
3209,4,529,15978,68,6654
3210,4,529,15977,70,6654
3211,4,531,15978,70,6654
3212,4,528,15978,70,6654
3213,4,531,15980,71,6654
3214,4,527,15978,74,6654
3215,4,528,15977,74,6654
3216,4,532,15976,76,6654
3217,4,530,15977,76,6654
3218,4,528,15978,76,6654
3219,4,531,15981,76,6654
3220,4,526,15980,76,6654
3221,4,531,15981,76,6654
3222,4,529,15983,76,6654
3223,4,530,15983,77,6654
3224,4,528,15983,78,6654
3225,4,525,15983,79,6654
3226,4,524,15983,80,6654
3227,4,528,15982,80,6654
3228,4,528,15982,79,6654
3229,4,530,15983,80,6654
3230,4,533,15984,80,6654
3231,4,528,15984,79,6654
3232,4,528,15984,79,6654
3233,4,525,15983,80,6654
3234,4,528,15982,81,6654
3235,4,529,15981,82,6654
3236,4,529,15982,83,6654
3237,4,524,15982,84,6654
3238,4,529,15983,84,6654
3239,4,529,15986,83,6654
3240,4,532,15988,83,6654
3241,4,528,15989,82,6654
3242,4,529,15988,84,6654
3243,4,532,15991,84,6654
3244,4,525,15992,83,6654
3245,4,527,15991,85,6654
3246,4,531,15991,84,6654
3247,4,525,15991,85,6654
3248,4,527,15990,86,6654
3249,4,531,15990,84,6654
3250,4,526,15991,83,6654
3251,4,526,15990,82,6654
3252,4,526,15992,80,6654
3253,4,525,15993,79,6654
3254,4,532,15995,77,6654
3255,4,527,15996,77,6654
3256,4,532,15997,78,6654
3257,4,526,15998,78,6654
3258,4,532,16000,78,6654
3259,4,530,15999,77,6654
3260,4,531,15999,74,6654
3261,4,534,16000,73,6654
3262,4,529,16000,70,6654
3263,4,531,16000,70,6654
3264,4,528,16002,69,6654
3265,4,532,16002,69,6654
3266,4,529,16003,67,6654
3267,4,527,16003,67,6654
3268,4,528,16004,66,6654
3269,4,527,16007,64,6654
3270,4,526,16009,63,6654
3271,4,527,16010,61,6654
3272,4,528,16012,61,6654
3273,4,531,16012,60,6654
3274,4,527,16015,57,6654
3275,4,531,16018,55,6654
3276,4,523,16018,53,6654
3277,4,535,16019,53,6654
3278,4,532,16020,53,6654
3279,4,527,16021,52,6654
3280,4,530,16022,52,6654
3281,4,532,16025,51,6654
3282,4,532,16026,50,6654
3283,4,525,16028,47,6654
3284,4,530,16029,45,6654
3285,4,530,16032,43,6654
3286,4,532,16036,40,6654
3287,4,533,16037,40,6654
3288,4,529,16037,39,6654
3289,4,524,16037,38,6654
3290,4,526,16040,38,6654
3291,4,527,16043,36,6654
3292,4,530,16043,37,6654
3293,4,527,16042,38,6654
3294,4,528,16043,37,6654
3295,4,534,16044,34,6654
3296,4,527,16043,34,6654
3297,4,528,16043,32,6654
3298,4,523,16043,32,6654
3299,4,531,16044,32,6654
3300,4,530,16045,31,6654
3301,4,532,16047,30,6654
3302,4,526,16048,30,6654
3303,4,531,16053,30,6654
3304,4,529,16053,30,6654
3305,4,530,16054,29,6654
3306,4,526,16059,28,6654
3307,4,530,16059,27,6654
3308,4,532,16060,27,6654
3309,4,533,16060,27,6654
3310,4,529,16060,26,6654
3311,4,525,16060,26,6654
3312,4,528,16060,26,6654
3313,4,530,16063,25,6654
3314,4,534,16064,24,6654
3315,4,529,16066,23,6654
3316,4,529,16067,22,6654
3317,4,531,16069,20,6654
3318,4,524,16069,18,6654
3319,4,533,16070,18,6654
3320,4,531,16070,18,6654
3321,4,528,16070,16,6654
3322,4,526,16071,16,6654
3323,4,528,16072,14,6654
3324,4,530,16073,14,6654
3325,4,531,16073,15,6654
3326,4,534,16075,13,6654
3327,4,529,16076,13,6654
3328,4,529,16077,12,6654
3329,4,535,16077,10,6654
3330,4,531,16078,10,6654
3331,4,526,16078,10,6654
3332,4,534,16077,10,6654
3333,4,529,16078,10,6654
3334,4,528,16081,10,6654
3335,4,522,16081,10,6654
3336,4,527,16083,10,6654
3337,4,531,16084,9,6654
3338,4,529,16088,9,6654
3339,4,527,16091,9,6654
3340,4,526,16091,8,6654
3341,4,529,16091,8,6654
3342,4,531,16093,9,6654
3343,4,524,16095,9,6654
3344,4,530,16096,9,6654
3345,4,525,16099,9,6654
3346,4,530,16099,9,6654
3347,4,529,16101,9,6654
3348,4,526,16103,10,6654
3349,4,528,16102,11,6654
3350,4,523,16102,11,6654
3351,4,526,16105,12,6654
3352,4,532,16105,13,6654
3353,4,528,16105,13,6654
3354,4,525,16105,14,6654
3355,4,527,16106,14,6654
3356,4,530,16108,14,6654
3357,4,536,16108,14,6654
3358,4,528,16111,14,6654
3359,4,527,16111,14,6654
3360,4,532,16110,15,6654
3361,4,529,16111,15,6654
3362,4,529,16113,15,6654
3363,4,530,16114,15,6654
3364,4,534,16114,16,6654
3365,4,530,16115,16,6654
3366,4,530,16116,16,6654
3367,4,524,16118,16,6654
3368,4,527,16119,16,6654
3369,4,531,16121,16,6654
3370,4,523,16125,16,6654
3371,4,534,16125,16,6654
3372,4,529,16128,16,6654
3373,4,533,16128,15,6654
3374,4,528,16126,17,6654
3375,4,529,16128,17,6654
3376,4,530,16129,17,6654
3377,4,531,16130,16,6654
3378,4,530,16131,16,6654
3379,4,531,16133,16,6654
3380,4,529,16133,16,6654
3381,4,529,16135,16,6654
3382,4,528,16137,17,6654
3383,4,529,16139,17,6654
3384,4,528,16139,17,6654
3385,4,528,16141,16,6654
3386,4,528,16143,16,6654
3387,4,531,16144,16,6654
3388,4,534,16147,16,6654
3389,4,523,16147,15,6654
3390,4,532,16149,15,6654
3391,4,519,16149,16,6654
3392,4,529,16151,16,6654
3393,4,531,16151,16,6654
3394,4,525,16152,16,6654
3395,4,530,16155,16,6654
3396,4,531,16157,16,6654
3397,4,527,16161,16,6654
3398,4,526,16162,16,6654
3399,4,525,16166,16,6654
3400,4,526,16168,16,6654
3401,4,528,16169,16,6654
3402,4,530,16172,16,6654
3403,4,531,16172,16,6654
3404,4,528,16172,16,6654
3405,4,527,16174,16,6654
3406,4,528,16175,15,6654
3407,4,530,16178,15,6654
3408,4,533,16178,16,6654
3409,4,534,16178,16,6654
3410,4,534,16178,16,6654
3411,4,529,16178,16,6654
3412,4,528,16180,16,6654
3413,4,527,16185,15,6654
3414,4,528,16185,15,6654
3415,4,529,16187,15,6654
3416,4,526,16187,15,6654
3417,4,529,16187,15,6654
3418,4,530,16187,15,6654
3419,4,522,16188,15,6654
3420,4,522,16191,15,6654
3421,4,522,16191,15,6654
3422,4,522,16191,15,6654
3423,4,525,16193,14,6654
3424,4,526,16194,14,6654
3425,4,526,16195,15,6654
3426,4,527,16196,15,6654
3427,4,526,16198,15,6654
3428,4,527,16199,15,6654
3429,4,529,16198,15,6654
3430,4,524,16199,14,6654
3431,4,528,16199,15,6654
3432,4,521,16200,14,6654
3433,4,525,16203,13,6654
3434,4,520,16203,13,6654
3435,4,524,16204,12,6654
3436,4,524,16204,12,6654
3437,4,528,16203,13,6654
3438,4,527,16202,14,6654
3439,4,527,16203,14,6654
3440,4,520,16204,14,6654
3441,4,523,16205,13,6654
3442,4,519,16205,13,6654
3443,4,525,16208,13,6654
3444,4,525,16210,13,6654
3445,4,526,16210,13,6654
3446,4,527,16208,15,6654
3447,4,525,16209,15,6654
3448,4,526,16210,16,6654
3449,4,523,16215,16,6654
3450,4,523,16213,18,6654
3451,4,529,16213,18,6654
3452,4,523,16213,18,6654
3453,4,525,16216,18,6654
3454,4,526,16215,19,6654
3455,4,521,16216,16,6654
3456,4,519,16216,16,6654
3457,4,528,16217,16,6654
3458,4,524,16219,16,6654
3459,4,529,16224,16,6654
3460,4,524,16225,16,6654
3461,4,526,16225,15,6654
3462,4,523,16228,15,6654
3463,4,524,16230,14,6654
3464,4,526,16230,14,6654
3465,4,526,16230,14,6654
3466,4,520,16230,14,6654
3467,4,520,16235,14,6654
3468,4,527,16238,14,6654
3469,4,528,16239,15,6654
3470,4,524,16241,15,6654
3471,4,523,16241,16,6654
3472,4,522,16241,15,6654
3473,4,521,16241,15,6654
3474,4,520,16242,15,6654
3475,4,528,16244,15,6654
3476,4,523,16248,15,6654
3477,4,525,16250,15,6654
3478,4,524,16251,15,6654
3479,4,525,16253,15,6654
3480,4,526,16255,15,6654
3481,4,527,16257,15,6654
3482,4,525,16262,15,6654
3483,4,523,16263,15,6654
3484,4,524,16262,16,6654
3485,4,527,16264,16,6654
3486,4,528,16263,17,6654
3487,4,527,16265,17,6654
3488,4,523,16266,17,6654
3489,4,526,16266,16,6654
3490,4,524,16266,17,6654
3491,4,520,16266,18,6654
3492,4,527,16267,18,6654
3493,4,527,16269,19,6654
3494,4,522,16274,19,6654
3495,4,530,16275,19,6654
3496,4,525,16277,19,6654
3497,4,523,16276,20,6654
3498,4,523,16277,20,6654
3499,4,524,16279,20,6654
3500,4,522,16277,23,6654
3501,4,522,16277,23,6654
3502,4,529,16278,24,6654
3503,4,524,16281,24,6654
3504,4,526,16283,24,6654
3505,4,528,16286,25,6654
3506,4,523,16290,24,6654
3507,4,525,16290,24,6654
3508,4,526,16291,24,6654
3509,4,515,16292,25,6654
3510,4,521,16293,24,6654
3511,4,519,16293,24,6654
3512,4,521,16293,25,6654
3513,4,524,16292,27,6654
3514,4,523,16292,27,6654
3515,4,522,16292,27,6654
3516,4,522,16293,27,6654
3517,4,521,16294,28,6654
3518,4,523,16294,27,6654
3519,4,524,16296,26,6654
3520,4,522,16297,26,6654
3521,4,523,16298,27,6654
3522,4,520,16298,27,6654
3523,4,526,16298,27,6654
3524,4,522,16298,27,6654
3525,4,521,16300,28,6654
3526,4,528,16300,27,6654
3527,4,529,16303,25,6654
3528,4,523,16303,25,6654
3529,4,522,16304,24,6654
3530,4,526,16303,26,6654
3531,4,522,16301,27,6654
3532,4,521,16302,27,6654
3533,4,523,16303,28,6654
3534,4,525,16303,29,6654
3535,4,521,16304,28,6654
3536,4,521,16305,28,6654
3537,4,525,16305,29,6654
3538,4,527,16307,29,6654
3539,4,522,16307,29,6654
3540,4,523,16307,30,6654
3541,4,523,16306,32,6654
3542,4,525,16307,32,6654
3543,4,523,16307,32,6654
3544,4,522,16306,33,6654
3545,4,522,16306,34,6654
3546,4,517,16306,35,6654
3547,4,521,16306,35,6654
3548,4,514,16306,35,6654
3549,4,521,16308,36,6654
3550,4,522,16310,35,6654
3551,4,520,16311,35,6654
3552,4,525,16310,35,6654
3553,4,522,16310,35,6654
3554,4,516,16310,38,6654
3555,4,520,16311,38,6654
3556,4,516,16311,39,6654
3557,4,525,16311,41,6654
3558,4,518,16310,42,6654
3559,4,523,16310,43,6654
3560,4,523,16311,43,6654
3561,4,520,16312,44,6654
3562,4,520,16312,45,6654
3563,4,519,16308,51,6654
3564,4,520,16307,54,6654
3565,4,518,16306,55,6654
3566,4,524,16299,62,6654
3567,4,516,16299,61,6654
3568,4,520,16297,63,6654
3569,4,514,16302,63,6654
3570,4,518,16302,64,6654
3571,4,517,16302,64,6654
3572,4,517,16305,63,6654
3573,4,519,16308,63,6654
3574,4,520,16308,62,6654
3575,4,518,16309,63,6654
3576,4,522,16310,63,6654
3577,4,522,16308,66,6654
3578,4,518,16307,66,6654
3579,4,518,16307,67,6654
3580,4,519,16308,68,6654
3581,4,521,16307,66,6654
3582,4,519,16307,67,6654
3583,4,522,16307,68,6654
3584,4,523,16308,68,6654
3585,4,516,16308,68,6654
3586,4,518,16308,68,6654
3587,4,511,16307,71,6654
3588,4,518,16308,72,6654
3589,4,520,16309,72,6654
3590,4,520,16309,72,6654
3591,4,514,16310,72,6654
3592,4,520,16308,75,6654
3593,4,517,16308,75,6654
3594,4,519,16311,74,6654
3595,4,521,16308,78,6654
3596,4,524,16307,80,6654
3597,4,518,16309,80,6654
3598,4,518,16311,80,6654
3599,4,518,16311,81,6654
3600,4,517,16310,82,6654
3601,4,515,16309,83,6654
3602,4,521,16309,83,6654
3603,4,518,16308,84,6654
3604,4,515,16307,87,6654
3605,4,518,16309,87,6654
3606,4,518,16310,87,6654
3607,4,516,16312,88,6654
3608,4,519,16313,88,6654
3609,4,516,16316,88,6654
3610,4,516,16318,89,6654
3611,4,520,16319,88,6654
3612,4,512,16319,86,6654
3613,4,517,16320,87,6654
3614,4,518,16321,87,6654
3615,4,517,16320,87,6654
3616,4,519,16320,89,6654
3617,4,515,16319,92,6654
3618,4,521,16320,92,6654
3619,4,516,16321,93,6654
3620,4,519,16322,93,6654
3621,4,515,16324,92,6654
3622,4,517,16322,93,6654
3623,4,514,16321,95,6654
3624,4,521,16322,96,6654
3625,4,519,16321,97,6654
3626,4,515,16319,98,6654
3627,4,521,16317,99,6654
3628,4,519,16316,100,6654
3629,4,520,16315,103,6654
3630,4,517,16318,102,6654
3631,4,521,16319,102,6654
3632,4,515,16321,102,6654
3633,4,526,16321,102,6654
3634,4,521,16322,102,6654
3635,4,516,16324,100,6654
3636,4,517,16323,101,6654
3637,4,519,16323,101,6654
3638,4,523,16324,100,6654
3639,4,520,16325,99,6654
3640,4,516,16324,99,6654
3641,4,521,16325,99,6654
3642,4,522,16324,100,6654
3643,4,518,16325,99,6654
3644,4,520,16324,95,6654
3645,4,522,16324,93,6654
3646,4,523,16326,91,6654
3647,4,514,16327,85,6654
3648,4,520,16323,89,6654
3649,4,519,16325,88,6654
3650,4,518,16327,89,6654
3651,4,519,16327,88,6654
3652,4,518,16328,87,6654
3653,4,523,16330,88,6654
3654,4,518,16329,89,6654
3655,4,519,16329,89,6654
3656,4,517,16332,88,6654
3657,4,518,16331,90,6654
3658,4,517,16332,87,6654
3659,4,520,16334,86,6654
3660,4,521,16334,86,6654
3661,4,518,16334,85,6654
3662,4,523,16335,85,6654
3663,4,523,16337,84,6654
3664,4,522,16336,84,6654
3665,4,521,16337,85,6654
3666,4,518,16336,86,6654
3667,4,524,16336,86,6654
3668,4,519,16337,84,6654
3669,4,522,16332,88,6654
3670,4,524,16335,89,6654
3671,4,519,16336,89,6654
3672,4,522,16337,89,6654
3673,4,522,16335,89,6654
3674,4,520,16335,88,6654
3675,4,518,16336,89,6654
3676,4,521,16335,87,6654
3677,4,524,16337,85,6654
3678,4,523,16334,90,6654
3679,4,525,16332,92,6654
3680,4,522,16332,91,6654
3681,4,521,16331,91,6654
3682,4,519,16330,93,6654
3683,4,520,16333,92,6654
3684,4,521,16331,93,6654
3685,4,518,16330,92,6654
3686,4,520,16330,94,6654
3687,4,518,16330,94,6654
3688,4,521,16327,96,6654
3689,4,516,16327,98,6654
3690,4,517,16328,99,6654
3691,4,520,16330,98,6654
3692,4,522,16330,97,6654
3693,4,522,16330,96,6654
3694,4,520,16329,96,6654
3695,4,523,16324,100,6654
3696,4,517,16325,100,6654
3697,4,522,16324,99,6654
3698,4,519,16323,97,6654
3699,4,524,16321,98,6654
3700,4,519,16320,100,6654
3701,4,515,16321,101,6654
3702,4,522,16319,104,6654
3703,4,516,16319,104,6654
3704,4,523,16325,102,6654
3705,4,518,16324,103,6654
3706,4,520,16326,102,6654
3707,4,518,16326,101,6654
3708,4,521,16326,100,6654
3709,4,520,16327,99,6654
3710,4,523,16327,97,6654
3711,4,525,16329,97,6654
3712,4,517,16332,97,6654
3713,4,517,16332,98,6654
3714,4,522,16329,100,6654
3715,4,522,16332,100,6654
3716,4,520,16333,99,6654
3717,4,521,16332,99,6654
3718,4,518,16334,98,6654
3719,4,518,16334,97,6654
3720,4,517,16335,98,6654
3721,4,518,16336,97,6654
3722,4,524,16335,99,6654
3723,4,517,16335,97,6654
3724,4,523,16335,97,6654
3725,4,519,16334,97,6654
3726,4,516,16336,96,6654
3727,4,523,16338,96,6654
3728,4,518,16342,95,6654
3729,4,526,16343,91,6654
3730,4,519,16343,90,6654
3731,4,521,16344,89,6654
3732,4,522,16345,89,6654
3733,4,521,16346,89,6654
3734,4,523,16346,88,6654
3735,4,517,16345,88,6654
3736,4,528,16345,89,6654
3737,4,521,16344,90,6654
3738,4,522,16345,89,6654
3739,4,523,16347,89,6654
3740,4,524,16352,89,6654
3741,4,517,16353,88,6654
3742,4,520,16354,89,6654
3743,4,521,16356,89,6654
3744,4,524,16360,89,6654
3745,4,517,16361,87,6654
3746,4,520,16361,87,6654
3747,4,521,16363,86,6654
3748,4,516,16363,85,6654
3749,4,520,16364,84,6654
3750,4,524,16366,79,6654
3751,4,521,16367,78,6654
3752,4,518,16367,77,6654
3753,4,521,16368,77,6654
3754,4,524,16368,74,6654
3755,4,521,16368,74,6654
3756,4,522,16369,72,6654
3757,4,517,16369,71,6654
3758,4,519,16370,71,6654
3759,4,526,16371,66,6654
3760,4,520,16373,63,6654
3761,4,524,16376,63,6654
3762,4,524,16376,62,6654
3763,4,525,16377,60,6654
3764,4,520,16377,60,6654
3765,4,517,16380,58,6654
3766,4,512,16381,56,6654
3767,4,519,16384,54,6654
3768,4,521,16386,53,6654
3769,4,519,16386,50,6654
3770,4,520,16390,48,6654
3771,4,522,16388,49,6654
3772,4,518,16389,49,6654
3773,4,517,16388,51,6654
3774,4,520,16388,51,6654
3775,4,516,16388,50,6654
3776,4,522,16390,45,6654
3777,4,520,16391,44,6654
3778,4,518,16394,43,6654
3779,4,518,16397,42,6654
3780,4,523,16397,41,6654
3781,4,522,16401,38,6654
3782,4,520,16402,37,6654
3783,4,522,16403,34,6654
3784,4,519,16402,33,6654
3785,4,519,16402,33,6654
3786,4,520,16402,32,6654
3787,4,521,16403,31,6654
3788,4,517,16403,30,6654
3789,4,524,16404,29,6654
3790,4,524,16405,29,6654
3791,4,522,16405,28,6654
3792,4,518,16407,29,6654
3793,4,519,16408,29,6654
3794,4,524,16408,29,6654
3795,4,520,16408,26,6654
3796,4,520,16410,26,6654
3797,4,518,16413,26,6654
3798,4,521,16414,25,6654
3799,4,520,16416,25,6654
3800,4,522,16418,26,6654
3801,4,517,16418,26,6654
3802,4,520,16417,27,6654
3803,3,518,16418,25,6654
3804,2,521,16419,25,6654
3805,2,517,16420,25,6654
3806,2,519,16420,23,6654
3807,2,514,16421,23,6654
3808,2,515,16421,23,6654
3809,2,516,16422,23,6654
3810,2,522,16424,23,6654
3811,2,521,16424,23,6654
3812,2,521,16426,23,6654
3813,2,522,16429,23,6654
3814,2,517,16432,23,6654
3815,2,520,16437,23,6654
3816,2,518,16438,22,6654
3817,2,514,16438,21,6654
3818,2,518,16439,20,6654
3819,2,521,16441,19,6654
3820,2,516,16442,19,6654
3821,2,520,16442,20,6654
3822,2,517,16443,20,6654
3823,2,521,16445,19,6654
3824,2,520,16448,18,6654
3825,2,515,16449,18,6654
3826,2,521,16447,20,6654
3827,2,519,16447,20,6654
3828,2,523,16447,21,6654
3829,2,517,16448,21,6654
3830,2,522,16449,21,6654
3831,2,517,16451,21,6654
3832,2,520,16450,22,6654
3833,2,517,16451,22,6654
3834,2,518,16451,23,6654
3835,2,518,16449,25,6654
3836,2,518,16449,24,6654
3837,2,521,16451,24,6654
3838,2,516,16450,25,6654
3839,2,522,16450,27,6654
3840,2,512,16452,27,6654
3841,2,517,16453,27,6654
3842,2,518,16452,28,6654
3843,2,518,16454,28,6654
3844,2,514,16454,28,6654
3845,2,515,16454,30,6654
3846,2,518,16451,34,6654
3847,2,519,16452,34,6654
3848,2,518,16453,34,6654
3849,2,522,16453,34,6654
3850,2,518,16454,34,6654
3851,2,517,16454,35,6654
3852,2,521,16452,35,6654
3853,2,514,16452,36,6654
3854,2,518,16452,34,6654
3855,2,517,16453,34,6654
3856,2,520,16455,34,6654
3857,2,521,16456,34,6654
3858,2,522,16456,34,6654
3859,2,520,16457,34,6654
3860,2,514,16457,35,6654
3861,2,520,16458,34,6654
3862,2,511,16460,34,6654
3863,2,523,16460,34,6654
3864,2,520,16460,34,6654
3865,2,517,16460,32,6654
3866,2,516,16459,35,6654
3867,2,522,16458,35,6654
3868,2,519,16457,36,6654
3869,2,517,16459,36,6654
3870,2,518,16461,36,6654
3871,2,518,16461,37,6654
3872,2,520,16461,38,6654
3873,2,518,16462,37,6654
3874,2,518,16464,37,6654
3875,2,520,16464,37,6654
3876,2,515,16465,37,6654
3877,2,520,16466,37,6654
3878,2,520,16466,37,6654
3879,2,520,16468,37,6654
3880,2,520,16470,37,6654
3881,2,516,16473,36,6654
3882,2,516,16477,35,6654
3883,2,518,16477,35,6654
3884,2,521,16478,36,6654
3885,2,513,16477,37,6654
3886,2,518,16478,37,6654
3887,2,514,16480,37,6654
3888,2,517,16480,38,6654
3889,2,519,16481,38,6654
3890,2,518,16481,40,6654
3891,2,518,16482,40,6654
3892,2,514,16482,40,6654
3893,2,523,16482,41,6654
3894,2,512,16482,41,6654
3895,2,520,16485,42,6654
3896,2,517,16485,42,6654
3897,2,519,16485,43,6654
